Date,Original,Predicted
2019-03-22T00:00:00.000,60.275001525878906,61.813602447509766
2019-03-25T00:00:00.000,59.650001525878906,61.667232513427734
2019-03-26T00:00:00.000,59.23099899291992,61.07205581665039
2019-03-27T00:00:00.000,58.6510009765625,60.43354797363281
2019-03-28T00:00:00.000,58.42449951171876,59.82626724243164
2019-03-29T00:00:00.000,58.66550064086914,59.421939849853516
2019-04-01T00:00:00.000,59.72150039672851,59.380611419677734
2019-04-02T00:00:00.000,60.02450180053711,59.930179595947266
2019-04-03T00:00:00.000,60.29600143432617,60.53730392456055
2019-04-04T00:00:00.000,60.75,61.00605010986328
2019-04-05T00:00:00.000,60.35749816894532,61.40754318237305
2019-04-08T00:00:00.000,60.19200134277344,61.42088317871094
2019-04-09T00:00:00.000,59.86249923706055,61.234046936035156
2019-04-10T00:00:00.000,60.108001708984375,60.922183990478516
2019-04-11T00:00:00.000,60.23099899291992,60.81930160522461
2019-04-12T00:00:00.000,60.89350128173828,60.87815475463867
2019-04-15T00:00:00.000,61.05500030517578,61.25068283081055
2019-04-16T00:00:00.000,61.35649871826172,61.61925506591797
2019-04-17T00:00:00.000,61.81700134277344,61.95490264892578
2019-04-18T00:00:00.000,61.81850051879883,62.3244514465332
2019-04-22T00:00:00.000,62.44200134277344,62.5299072265625
2019-04-23T00:00:00.000,63.227500915527344,62.85987854003906
2019-04-24T00:00:00.000,62.79999923706055,63.40620803833008
2019-04-25T00:00:00.000,63.17250061035156,63.57771301269531
2019-04-26T00:00:00.000,63.60900115966797,63.73051071166992
2019-04-29T00:00:00.000,64.37899780273438,63.992496490478516
2019-04-30T00:00:00.000,59.42399978637695,64.49884796142578
2019-05-01T00:00:00.000,58.40399932861328,62.713680267333984
2019-05-02T00:00:00.000,58.13050079345703,60.692176818847656
2019-05-03T00:00:00.000,59.27000045776367,59.39569091796875
2019-05-06T00:00:00.000,59.46950149536133,59.39914321899414
2019-05-07T00:00:00.000,58.70500183105469,59.89083480834961
2019-05-08T00:00:00.000,58.313499450683594,60.006431579589844
2019-05-09T00:00:00.000,58.118999481201165,59.806610107421875
2019-05-10T00:00:00.000,58.21350097656251,59.50734329223633
2019-05-13T00:00:00.000,56.60150146484375,59.33149337768555
2019-05-14T00:00:00.000,56.02199935913086,58.56168746948242
2019-05-15T00:00:00.000,58.21049880981446,57.718650817871094
2019-05-16T00:00:00.000,58.94900131225586,58.157955169677734
2019-05-17T00:00:00.000,58.115001678466804,59.068504333496094
2019-05-20T00:00:00.000,56.94250106811523,59.351131439208984
2019-05-21T00:00:00.000,57.48149871826172,58.82514190673828
2019-05-22T00:00:00.000,57.57099914550781,58.51883316040039
2019-05-23T00:00:00.000,57.03850173950195,58.42655563354492
2019-05-24T00:00:00.000,56.673500061035156,58.205387115478516
2019-05-28T00:00:00.000,56.70750045776367,57.89751434326172
2019-05-29T00:00:00.000,55.823001861572266,57.72157669067383
2019-05-30T00:00:00.000,55.897499084472656,57.287254333496094
2019-05-31T00:00:00.000,55.18149948120117,57.01380157470703
2019-06-03T00:00:00.000,51.8115005493164,56.60426712036133
2019-06-04T00:00:00.000,52.6525001525879,54.9155158996582
2019-06-05T00:00:00.000,52.11100006103516,53.98952102661133
2019-06-06T00:00:00.000,52.21699905395508,53.458038330078125
2019-06-07T00:00:00.000,53.301998138427734,53.3383903503418
2019-06-10T00:00:00.000,54.01900100708008,53.860904693603516
2019-06-11T00:00:00.000,53.93600082397461,54.63521194458008
2019-06-12T00:00:00.000,53.85150146484375,55.087547302246094
2019-06-13T00:00:00.000,54.438499450683594,55.18696594238281
2019-06-14T00:00:00.000,54.26750183105469,55.359249114990234
2019-06-17T00:00:00.000,54.625,55.37297058105469
2019-06-18T00:00:00.000,55.18000030517578,55.472389221191406
2019-06-19T00:00:00.000,55.11650085449219,55.77781677246094
2019-06-20T00:00:00.000,55.57099914550781,55.97489547729492
2019-06-21T00:00:00.000,56.09400177001953,56.24859619140625
2019-06-24T00:00:00.000,55.7760009765625,56.64270782470703
2019-06-25T00:00:00.000,54.317501068115234,56.75849533081055
2019-06-26T00:00:00.000,53.9900016784668,56.12631607055664
2019-06-27T00:00:00.000,53.800498962402344,55.431396484375
2019-06-28T00:00:00.000,54.045501708984375,54.95106506347656
2019-07-01T00:00:00.000,54.897499084472656,54.86366653442383
2019-07-02T00:00:00.000,55.5625,55.306495666503906
2019-07-03T00:00:00.000,56.07899856567383,55.997764587402344
2019-07-05T00:00:00.000,56.579498291015625,56.67481231689453
2019-07-08T00:00:00.000,55.817501068115234,57.250038146972656
2019-07-09T00:00:00.000,56.24150085449219,57.1968994140625
2019-07-10T00:00:00.000,57.02399826049805,57.15620422363281
2019-07-11T00:00:00.000,57.21049880981445,57.45390319824219
2019-07-12T00:00:00.000,57.24499893188477,57.788455963134766
2019-07-15T00:00:00.000,57.516998291015625,58.00370407104492
2019-07-16T00:00:00.000,57.679000854492195,58.20927429199219
2019-07-17T00:00:00.000,57.317501068115234,58.39034652709961
2019-07-18T00:00:00.000,57.31650161743164,58.33157730102539
2019-07-19T00:00:00.000,56.505001068115234,58.23657989501953
2019-07-22T00:00:00.000,56.903499603271484,57.83183670043945
2019-07-23T00:00:00.000,57.31050109863281,57.70161437988281
2019-07-24T00:00:00.000,56.890499114990234,57.88715362548828
2019-07-25T00:00:00.000,56.60599899291993,57.91028594970703
2019-07-26T00:00:00.000,62.52050018310547,57.767303466796875
2019-07-29T00:00:00.000,61.97050094604492,60.174827575683594
2019-07-30T00:00:00.000,61.25699996948242,61.95942306518555
2019-07-31T00:00:00.000,60.83399963378906,62.46543502807617
2019-08-01T00:00:00.000,60.45050048828125,62.17689895629883
2019-08-02T00:00:00.000,59.699501037597656,61.595542907714844
2019-08-05T00:00:00.000,57.61600112915039,60.8578987121582
2019-08-06T00:00:00.000,58.497501373291016,59.531333923339844
2019-08-07T00:00:00.000,58.699501037597656,59.04833221435547
2019-08-08T00:00:00.000,60.2400016784668,59.1334342956543
2019-08-09T00:00:00.000,59.4005012512207,60.0396728515625
2019-08-12T00:00:00.000,58.73550033569336,60.4300537109375
2019-08-13T00:00:00.000,59.86349868774414,60.22764205932617
2019-08-14T00:00:00.000,58.2145004272461,60.420291900634766
2019-08-15T00:00:00.000,58.362998962402344,59.906951904296875
2019-08-16T00:00:00.000,58.880001068115234,59.49015808105469
2019-08-19T00:00:00.000,59.92250061035157,59.500213623046875
2019-08-20T00:00:00.000,59.134498596191406,60.07338333129883
2019-08-21T00:00:00.000,59.5625,60.21335983276367
2019-08-22T00:00:00.000,59.47650146484375,60.35938262939453
2019-08-23T00:00:00.000,57.56449890136719,60.39359664916992
2019-08-26T00:00:00.000,58.444499969482415,59.555973052978516
2019-08-27T00:00:00.000,58.391998291015625,59.22938919067383
2019-08-28T00:00:00.000,58.55099868774413,59.162723541259766
2019-08-29T00:00:00.000,59.64250183105469,59.27925491333008
2019-08-30T00:00:00.000,59.40499877929687,59.87251663208008
2019-09-03T00:00:00.000,58.419498443603516,60.23122024536133
2019-09-04T00:00:00.000,59.07049942016602,59.9405632019043
2019-09-05T00:00:00.000,60.569000244140625,59.86945343017578
2019-09-06T00:00:00.000,60.246498107910156,60.517757415771484
2019-09-09T00:00:00.000,60.22050094604492,60.930667877197266
2019-09-10T00:00:00.000,60.29999923706055,61.085872650146484
2019-09-11T00:00:00.000,61.008499145507805,61.12708282470703
2019-09-12T00:00:00.000,61.712501525878906,61.41416549682617
2019-09-13T00:00:00.000,61.97800064086913,61.93781280517578
2019-09-16T00:00:00.000,61.564998626708984,62.40612030029297
2019-09-17T00:00:00.000,61.45750045776367,62.471839904785156
2019-09-18T00:00:00.000,61.62049865722656,62.34978485107422
2019-09-19T00:00:00.000,61.93550109863281,62.29780960083008
2019-09-20T00:00:00.000,61.496498107910156,62.426673889160156
2019-09-23T00:00:00.000,61.701499938964844,62.367332458496094
2019-09-24T00:00:00.000,60.9379997253418,62.383338928222656
2019-09-25T00:00:00.000,62.32600021362305,62.09081268310547
2019-09-26T00:00:00.000,62.06949996948243,62.4511604309082
2019-09-27T00:00:00.000,61.25450134277344,62.71898651123047
2019-09-30T00:00:00.000,60.95000076293945,62.50001907348633
2019-10-01T00:00:00.000,60.25500106811524,62.116729736328125
2019-10-02T00:00:00.000,58.83150100708008,61.5583381652832
2019-10-03T00:00:00.000,59.39149856567383,60.5966911315918
2019-10-04T00:00:00.000,60.45000076293945,60.207252502441406
2019-10-07T00:00:00.000,60.38399887084961,60.613399505615234
2019-10-08T00:00:00.000,59.45650100708008,61.04350662231445
2019-10-09T00:00:00.000,60.115501403808594,60.899356842041016
2019-10-10T00:00:00.000,60.43349838256836,60.93843078613281
2019-10-11T00:00:00.000,60.772499084472656,61.12691116333008
2019-10-14T00:00:00.000,60.856998443603516,61.40602111816406
2019-10-15T00:00:00.000,62.1505012512207,61.61201095581055
2019-10-16T00:00:00.000,62.18199920654296,62.2526741027832
2019-10-17T00:00:00.000,62.653499603271484,62.72568893432617
2019-10-18T00:00:00.000,62.27450180053711,63.136505126953125
2019-10-21T00:00:00.000,62.307498931884766,63.16986846923828
2019-10-22T00:00:00.000,62.13999938964844,63.09153366088867
2019-10-23T00:00:00.000,62.95650100708008,62.940528869628906
2019-10-24T00:00:00.000,63.04949951171875,63.193294525146484
2019-10-25T00:00:00.000,63.256500244140625,63.49020004272461
2019-10-28T00:00:00.000,64.5,63.767433166503906
2019-10-29T00:00:00.000,63.13100051879883,64.45649719238281
2019-10-30T00:00:00.000,63.06449890136719,64.35432434082031
2019-10-31T00:00:00.000,63.00550079345703,64.05845642089844
2019-11-01T00:00:00.000,63.687000274658196,63.809993743896484
2019-11-04T00:00:00.000,64.56849670410156,63.9830436706543
2019-11-05T00:00:00.000,64.60150146484375,64.58269500732422
2019-11-06T00:00:00.000,64.58999633789062,65.05307006835938
2019-11-07T00:00:00.000,65.44300079345703,65.2764892578125
2019-11-08T00:00:00.000,65.56849670410156,65.69452667236328
2019-11-11T00:00:00.000,64.95950317382812,66.01959991455078
2019-11-12T00:00:00.000,64.94000244140625,65.9049301147461
2019-11-13T00:00:00.000,64.9000015258789,65.7122573852539
2019-11-14T00:00:00.000,65.572998046875,65.56599426269531
2019-11-15T00:00:00.000,66.74349975585938,65.79633331298828
2019-11-18T00:00:00.000,66.03500366210938,66.54142761230469
2019-11-19T00:00:00.000,65.77300262451172,66.79080200195312
2019-11-20T00:00:00.000,65.15249633789062,66.68679809570312
2019-11-21T00:00:00.000,65.06749725341797,66.25786590576172
2019-11-22T00:00:00.000,64.76699829101562,65.8947525024414
2019-11-25T00:00:00.000,65.33450317382812,65.58695220947266
2019-11-26T00:00:00.000,65.67749786376953,65.69196319580078
2019-11-27T00:00:00.000,65.64949798583984,66.02224731445312
2019-11-29T00:00:00.000,65.24800109863281,66.26332092285156
2019-12-02T00:00:00.000,64.49600219726562,66.20001983642578
2019-12-03T00:00:00.000,64.76399993896484,65.7524642944336
2019-12-04T00:00:00.000,66.0270004272461,65.51248931884766
2019-12-05T00:00:00.000,66.40650177001953,65.97901153564453
2019-12-06T00:00:00.000,67.03099822998047,66.59326171875
2019-12-09T00:00:00.000,67.1780014038086,67.24633026123047
2019-12-10T00:00:00.000,67.23300170898438,67.67013549804688
2019-12-11T00:00:00.000,67.2509994506836,67.8497085571289
2019-12-12T00:00:00.000,67.51349639892578,67.87354278564453
2019-12-13T00:00:00.000,67.3915023803711,67.94758605957031
2019-12-16T00:00:00.000,68.05850219726562,67.9455795288086
2019-12-17T00:00:00.000,67.75599670410156,68.2192153930664
2019-12-18T00:00:00.000,67.63099670410156,68.31698608398438
2019-12-19T00:00:00.000,67.802001953125,68.27909851074219
2019-12-20T00:00:00.000,67.47949981689453,68.30046844482422
2019-12-23T00:00:00.000,67.44200134277344,68.19166564941406
2019-12-24T00:00:00.000,67.1780014038086,68.08826446533203
2019-12-26T00:00:00.000,68.0199966430664,67.92410278320312
2019-12-27T00:00:00.000,67.59449768066406,68.19090270996094
2019-12-30T00:00:00.000,66.80699920654297,68.27143096923828
2019-12-31T00:00:00.000,66.85099792480469,67.9315185546875
2020-01-02T00:00:00.000,68.36849975585938,67.65194702148438
2020-01-03T00:00:00.000,68.03299713134766,68.17061614990234
2020-01-06T00:00:00.000,69.71050262451172,68.52336883544922
2020-01-07T00:00:00.000,69.66699981689453,69.40946197509766
2020-01-08T00:00:00.000,70.21600341796875,70.005126953125
2020-01-09T00:00:00.000,70.99150085449219,70.482177734375
2020-01-10T00:00:00.000,71.48650360107422,71.02803802490234
2020-01-13T00:00:00.000,71.96150207519531,71.54230499267578
2020-01-14T00:00:00.000,71.54399871826172,72.0112533569336
2020-01-15T00:00:00.000,71.95999908447266,72.06535339355469
2020-01-16T00:00:00.000,72.58499908447266,72.16573333740234
2020-01-17T00:00:00.000,74.01950073242188,72.50544738769531
2020-01-21T00:00:00.000,74.22000122070312,73.39049530029297
2020-01-22T00:00:00.000,74.29750061035156,74.11311340332031
2020-01-23T00:00:00.000,74.3324966430664,74.50520324707031
2020-01-24T00:00:00.000,73.33550262451172,74.6416244506836
2020-01-27T00:00:00.000,71.69499969482422,74.20457458496094
2020-01-28T00:00:00.000,72.62799835205078,73.10144805908203
2020-01-29T00:00:00.000,72.93150329589844,72.74613952636719
2020-01-30T00:00:00.000,72.79199981689453,72.90066528320312
2020-01-31T00:00:00.000,71.71150207519531,73.0952377319336
2020-02-03T00:00:00.000,74.2969970703125,72.7652816772461
2020-02-04T00:00:00.000,72.35350036621094,73.5896224975586
2020-02-05T00:00:00.000,72.4114990234375,73.47959899902344
2020-02-06T00:00:00.000,73.8115005493164,73.2078628540039
2020-02-07T00:00:00.000,73.9615020751953,73.6117935180664
2020-02-10T00:00:00.000,75.43399810791016,74.06427764892578
2020-02-11T00:00:00.000,75.43949890136719,74.97142791748047
2020-02-12T00:00:00.000,75.91349792480469,75.57494354248047
2020-02-13T00:00:00.000,75.73300170898438,76.02084350585938
2020-02-14T00:00:00.000,76.03700256347656,76.12098693847656
2020-02-18T00:00:00.000,75.9834976196289,76.20429229736328
2020-02-19T00:00:00.000,76.33450317382811,76.2131118774414
2020-02-20T00:00:00.000,75.90750122070312,76.357177734375
2020-02-21T00:00:00.000,74.25550079345703,76.29120635986328
2020-02-24T00:00:00.000,71.07949829101562,75.48876953125
2020-02-25T00:00:00.000,69.42250061035156,73.48491668701172
2020-02-26T00:00:00.000,69.65899658203125,71.37763977050781
2020-02-27T00:00:00.000,65.90450286865234,70.33061981201172
2020-02-28T00:00:00.000,66.96649932861328,68.45330810546875
2020-03-02T00:00:00.000,69.45549774169922,67.73160552978516
2020-03-03T00:00:00.000,67.06950378417969,68.75098419189453
2020-03-04T00:00:00.000,69.32599639892578,68.7556381225586
2020-03-05T00:00:00.000,65.9520034790039,69.4771499633789
2020-03-06T00:00:00.000,64.92050170898438,68.54437255859375
2020-03-09T00:00:00.000,60.77799987792969,67.11563110351562
2020-03-10T00:00:00.000,64.01950073242188,64.36680603027344
2020-03-11T00:00:00.000,60.77050018310547,63.89231491088867
2020-03-12T00:00:00.000,55.74549865722656,62.84511184692383
2020-03-13T00:00:00.000,60.98649978637695,60.010860443115234
2020-03-16T00:00:00.000,54.21649932861328,60.22652053833008
2020-03-17T00:00:00.000,55.9900016784668,58.2723274230957
2020-03-18T00:00:00.000,54.84000015258789,57.39777374267578
2020-03-19T00:00:00.000,55.76449966430664,56.699222564697266
2020-03-20T00:00:00.000,53.6160011291504,56.753910064697266
2020-03-23T00:00:00.000,52.83100128173828,56.06268310546875
2020-03-24T00:00:00.000,56.722999572753906,55.12360382080078
2020-03-25T00:00:00.000,55.1245002746582,56.15439987182617
2020-03-26T00:00:00.000,58.087501525878906,56.55780792236328
2020-03-27T00:00:00.000,55.535499572753906,57.85722351074219
2020-03-30T00:00:00.000,57.340999603271484,57.6904296875
2020-03-31T00:00:00.000,58.140499114990234,57.93137741088867
2020-04-01T00:00:00.000,55.28099822998047,58.471466064453125
2020-04-02T00:00:00.000,56.04199981689453,57.61288070678711
2020-04-03T00:00:00.000,54.894001007080085,57.07365417480469
2020-04-06T00:00:00.000,59.34600067138672,56.36552047729492
2020-04-07T00:00:00.000,59.32550048828125,57.84124755859375
2020-04-08T00:00:00.000,60.513999938964844,59.26678466796875
2020-04-09T00:00:00.000,60.57249832153321,60.57077407836914
2020-04-13T00:00:00.000,60.87799835205078,61.26508712768555
2020-04-14T00:00:00.000,63.46149826049805,61.58210754394531
2020-04-15T00:00:00.000,63.12350082397461,62.73339080810547
2020-04-16T00:00:00.000,63.173500061035156,63.42849349975586
2020-04-17T00:00:00.000,64.1624984741211,63.70972442626953
2020-04-20T00:00:00.000,63.330501556396484,64.17386627197266
2020-04-21T00:00:00.000,60.81700134277344,64.11957550048828
2020-04-22T00:00:00.000,63.160499572753906,62.882755279541016
2020-04-23T00:00:00.000,63.81549835205078,62.90876007080078
2020-04-24T00:00:00.000,63.96549987792969,63.5643424987793
2020-04-27T00:00:00.000,63.79399871826172,64.20167541503906
2020-04-28T00:00:00.000,61.68349838256836,64.49852752685547
2020-04-29T00:00:00.000,67.0739974975586,63.66407775878906
2020-04-30T00:00:00.000,67.43299865722656,65.22296905517578
2020-05-01T00:00:00.000,66.03050231933594,66.86622619628906
2020-05-04T00:00:00.000,66.33999633789062,67.19586181640625
2020-05-05T00:00:00.000,67.55549621582031,67.14433288574219
2020-05-06T00:00:00.000,67.36499786376953,67.5076904296875
2020-05-07T00:00:00.000,68.62799835205078,67.72145080566406
2020-05-08T00:00:00.000,69.41850280761719,68.35523986816406
2020-05-11T00:00:00.000,70.16300201416016,69.16397094726562
2020-05-12T00:00:00.000,68.78700256347656,69.98623657226562
2020-05-13T00:00:00.000,67.46649932861328,69.84170532226562
2020-05-14T00:00:00.000,67.80650329589844,68.93278503417969
2020-05-15T00:00:00.000,68.65950012207031,68.37767791748047
2020-05-18T00:00:00.000,69.1969985961914,68.54935455322266
2020-05-19T00:00:00.000,68.67424774169922,69.10157775878906
2020-05-20T00:00:00.000,70.33599853515625,69.30781555175781
2020-05-21T00:00:00.000,70.13999938964844,70.06689453125
2020-05-22T00:00:00.000,70.52100372314453,70.53522491455078
2020-05-26T00:00:00.000,70.85099792480469,70.87567901611328
2020-05-27T00:00:00.000,70.89199829101562,71.1557388305664
2020-05-28T00:00:00.000,70.83650207519531,71.2977523803711
2020-05-29T00:00:00.000,71.44599914550781,71.30811309814453
2020-06-01T00:00:00.000,71.59100341796875,71.54364013671875
2020-06-02T00:00:00.000,71.96099853515625,71.79715728759766
2020-06-03T00:00:00.000,71.81900024414062,72.1099853515625
2020-06-04T00:00:00.000,70.60900115966797,72.23863983154297
2020-06-05T00:00:00.000,71.91950225830078,71.73552703857422
2020-06-08T00:00:00.000,72.33049774169922,71.87086486816406
2020-06-09T00:00:00.000,72.80799865722656,72.29248046875
2020-06-10T00:00:00.000,73.29250335693361,72.82181549072266
2020-06-11T00:00:00.000,70.19200134277344,73.35707092285156
2020-06-12T00:00:00.000,70.65899658203125,72.29063415527344
2020-06-15T00:00:00.000,70.99250030517578,71.4925537109375
2020-06-16T00:00:00.000,72.13600158691408,71.26062774658203
2020-06-17T00:00:00.000,72.55599975585939,71.8026123046875
2020-06-18T00:00:00.000,71.7979965209961,72.51012420654297
2020-06-19T00:00:00.000,71.58599853515625,72.62185668945312
2020-06-22T00:00:00.000,72.59300231933594,72.42851257324219
2020-06-23T00:00:00.000,73.22049713134766,72.66433715820312
2020-06-24T00:00:00.000,71.59850311279297,73.16678619384766
2020-06-25T00:00:00.000,72.06649780273438,72.79931640625
2020-06-26T00:00:00.000,67.99500274658203,72.57669830322266
2020-06-29T00:00:00.000,69.74849700927734,70.70726013183594
2020-06-30T00:00:00.000,70.68049621582031,70.03355407714844
2020-07-01T00:00:00.000,71.9020004272461,70.39141845703125
2020-07-02T00:00:00.000,73.23500061035156,71.4318618774414
2020-07-06T00:00:00.000,74.78500366210938,72.7867202758789
2020-07-07T00:00:00.000,74.25900268554688,74.28055572509766
2020-07-08T00:00:00.000,74.80000305175781,74.86453247070312
2020-07-09T00:00:00.000,75.54949951171875,75.13847351074219
2020-07-10T00:00:00.000,77.08699798583984,75.48657989501953
2020-07-13T00:00:00.000,75.56700134277344,76.34495544433594
2020-07-14T00:00:00.000,76.02899932861328,76.26725769042969
2020-07-15T00:00:00.000,75.68199920654297,76.1939697265625
2020-07-16T00:00:00.000,75.9000015258789,76.0000991821289
2020-07-17T00:00:00.000,75.77749633789062,75.97582244873047
2020-07-20T00:00:00.000,78.28600311279297,75.97332763671875
2020-07-21T00:00:00.000,77.92099761962889,77.10597229003906
2020-07-22T00:00:00.000,78.42449951171876,77.8661117553711
2020-07-23T00:00:00.000,75.78399658203125,78.4178466796875
2020-07-24T00:00:00.000,75.59349822998047,77.48371124267578
2020-07-27T00:00:00.000,76.51000213623047,76.50141906738281
2020-07-28T00:00:00.000,75.01699829101562,76.34741973876953
2020-07-29T00:00:00.000,76.10099792480469,75.84254455566406
2020-07-30T00:00:00.000,76.57250213623047,75.99363708496094
2020-07-31T00:00:00.000,74.14800262451172,76.47061920166016
2020-08-03T00:00:00.000,73.72250366210939,75.76443481445312
2020-08-04T00:00:00.000,73.24849700927734,74.89471435546875
2020-08-05T00:00:00.000,73.68049621582031,74.15821838378906
2020-08-06T00:00:00.000,75.00499725341797,73.98737335205078
2020-08-07T00:00:00.000,74.72450256347656,74.63728332519531
2020-08-10T00:00:00.000,74.80500030517578,75.09355163574219
2020-08-11T00:00:00.000,74.01599884033203,75.32861328125
2020-08-12T00:00:00.000,75.3310012817383,75.03081512451172
2020-08-13T00:00:00.000,75.92250061035156,75.28469848632812
2020-08-14T00:00:00.000,75.3864974975586,75.8039779663086
2020-08-17T00:00:00.000,75.89900207519531,75.91480255126953
2020-08-18T00:00:00.000,77.93000030517578,76.08892059326172
2020-08-19T00:00:00.000,77.37650299072266,77.08041381835938
2020-08-20T00:00:00.000,79.08750152587892,77.57661437988281
2020-08-21T00:00:00.000,79.02100372314453,78.47176361083984
2020-08-24T00:00:00.000,79.41000366210939,79.0090560913086
2020-08-25T00:00:00.000,80.41100311279297,79.36922454833984
2020-08-26T00:00:00.000,82.61900329589845,79.9455795288086
2020-08-27T00:00:00.000,81.71649932861328,81.28218078613281
2020-08-28T00:00:00.000,82.22049713134766,81.79483032226562
2020-08-31T00:00:00.000,81.70899963378906,82.08828735351562
2020-09-01T00:00:00.000,83.0354995727539,81.9475326538086
2020-09-02T00:00:00.000,86.41400146484375,82.34920501708984
2020-09-03T00:00:00.000,82.09200286865234,84.21287536621094
2020-09-04T00:00:00.000,79.552001953125,83.6771469116211
2020-09-08T00:00:00.000,76.61949920654297,81.6824951171875
2020-09-09T00:00:00.000,77.8479995727539,78.92472839355469
2020-09-10T00:00:00.000,76.60099792480469,77.8003158569336
2020-09-11T00:00:00.000,76.03600311279297,77.1162338256836
2020-09-14T00:00:00.000,75.96399688720705,76.70022583007812
2020-09-15T00:00:00.000,77.0719985961914,76.56591796875
2020-09-16T00:00:00.000,76.04499816894531,77.07550048828125
2020-09-17T00:00:00.000,74.77649688720703,77.06121826171875
2020-09-18T00:00:00.000,72.99949645996094,76.34426879882812
2020-09-21T00:00:00.000,71.55799865722656,74.9592056274414
2020-09-22T00:00:00.000,73.27300262451172,73.37556457519531
2020-09-23T00:00:00.000,70.760498046875,73.20452117919922
2020-09-24T00:00:00.000,71.41449737548828,72.389404296875
2020-09-25T00:00:00.000,72.24800109863281,72.09395599365234
2020-09-28T00:00:00.000,73.22599792480469,72.43050384521484
2020-09-29T00:00:00.000,73.46649932861328,73.20581817626953
2020-09-30T00:00:00.000,73.4800033569336,73.83538818359375
2020-10-01T00:00:00.000,74.50450134277344,74.11839294433594
2020-10-02T00:00:00.000,72.9209976196289,74.5918960571289
2020-10-05T00:00:00.000,74.3010025024414,74.16564178466797
2020-10-06T00:00:00.000,72.6719970703125,74.28408813476562
2020-10-07T00:00:00.000,73.0145034790039,73.75508880615234
2020-10-08T00:00:00.000,74.29650115966797,73.45703887939453
2020-10-09T00:00:00.000,75.76100158691408,73.91969299316406
2020-10-12T00:00:00.000,78.4574966430664,75.0267105102539
2020-10-13T00:00:00.000,78.58399963378906,76.99578094482422
2020-10-14T00:00:00.000,78.40399932861328,78.33477020263672
2020-10-15T00:00:00.000,77.95649719238281,78.7936019897461
2020-10-16T00:00:00.000,78.65049743652344,78.57154846191406
2020-10-19T00:00:00.000,76.73049926757814,78.54580688476562
2020-10-20T00:00:00.000,77.79650115966797,77.7243423461914
2020-10-21T00:00:00.000,79.66549682617188,77.56656646728516
2020-10-22T00:00:00.000,80.7665023803711,78.4986343383789
2020-10-23T00:00:00.000,82.05000305175781,79.8086929321289
2020-10-26T00:00:00.000,79.52249908447266,81.20991516113281
2020-10-27T00:00:00.000,80.21299743652344,80.86432647705078
2020-10-28T00:00:00.000,75.83100128173828,80.52035522460938
2020-10-29T00:00:00.000,78.36199951171875,78.36701202392578
2020-10-30T00:00:00.000,81.05049896240234,77.8695068359375
2020-11-02T00:00:00.000,81.30149841308594,79.22737884521484
2020-11-03T00:00:00.000,82.510498046875,80.60853576660156
2020-11-04T00:00:00.000,87.4564971923828,81.93448638916016
2020-11-05T00:00:00.000,88.16850280761719,84.81849670410156
2020-11-06T00:00:00.000,88.08750152587889,87.0328369140625
2020-11-09T00:00:00.000,88.1500015258789,87.96868133544922
2020-11-10T00:00:00.000,87.01950073242188,88.102294921875
2020-11-11T00:00:00.000,87.63549804687501,87.40510559082031
2020-11-12T00:00:00.000,87.49199676513672,87.08132934570312
2020-11-13T00:00:00.000,88.85099792480469,86.95433044433594
2020-11-16T00:00:00.000,89.06900024414062,87.59735870361328
2020-11-17T00:00:00.000,88.50749969482423,88.28273010253906
2020-11-18T00:00:00.000,87.33899688720702,88.45165252685547
2020-11-19T00:00:00.000,88.19599914550781,87.90743255615234
2020-11-20T00:00:00.000,87.1094970703125,87.82478332519531
2020-11-23T00:00:00.000,86.74299621582031,87.4124984741211
2020-11-24T00:00:00.000,88.44400024414062,86.97102355957031
2020-11-25T00:00:00.000,88.57150268554688,87.50394439697266
2020-11-27T00:00:00.000,89.65950012207031,88.1048812866211
2020-11-30T00:00:00.000,88.03700256347656,88.94938659667969
2020-12-01T00:00:00.000,89.90499877929686,88.72474670410156
2020-12-02T00:00:00.000,91.39749908447266,89.16149139404297
2020-12-03T00:00:00.000,91.3385009765625,90.1974868774414
2020-12-04T00:00:00.000,91.39949798583984,90.8677978515625
2020-12-07T00:00:00.000,90.97399902343749,91.15548706054688
2020-12-08T00:00:00.000,90.92749786376953,91.0011215209961
2020-12-09T00:00:00.000,89.20649719238281,90.77350616455078
2020-12-10T00:00:00.000,88.7665023803711,89.85880279541016
2020-12-11T00:00:00.000,89.0885009765625,89.0209732055664
2020-12-14T00:00:00.000,88.00299835205078,88.7569808959961
2020-12-15T00:00:00.000,88.38849639892578,88.30838012695312
2020-12-16T00:00:00.000,88.1500015258789,88.23524475097656
2020-12-17T00:00:00.000,87.3949966430664,88.20075225830078
2020-12-18T00:00:00.000,86.55049896240234,87.86817169189453
2020-12-21T00:00:00.000,86.96849822998047,87.23985290527344
2020-12-22T00:00:00.000,86.17500305175781,87.0107192993164
2020-12-23T00:00:00.000,86.61900329589844,86.6288070678711
2020-12-24T00:00:00.000,86.94249725341797,86.59188842773438
2020-12-28T00:00:00.000,88.80449676513672,86.80087280273438
2020-12-29T00:00:00.000,87.93599700927734,87.8072280883789
2020-12-30T00:00:00.000,86.97599792480469,88.14484405517578
2020-12-31T00:00:00.000,87.59400177001953,87.7166976928711
2021-01-04T00:00:00.000,86.41200256347656,87.53985595703125
2021-01-05T00:00:00.000,87.0459976196289,86.954345703125
2021-01-06T00:00:00.000,86.7645034790039,86.82657623291016
2021-01-07T00:00:00.000,89.36250305175781,86.75142669677734
2021-01-08T00:00:00.000,90.3604965209961,87.9052963256836
2021-01-11T00:00:00.000,88.33599853515625,89.28208923339844
2021-01-12T00:00:00.000,87.32749938964844,89.16817474365234
2021-01-13T00:00:00.000,87.72000122070312,88.26408386230469
2021-01-14T00:00:00.000,87.00900268554688,87.7190933227539
2021-01-15T00:00:00.000,86.8095016479492,87.18881225585938
2021-01-19T00:00:00.000,89.54299926757812,86.84526062011719
2021-01-20T00:00:00.000,94.34500122070312,87.95813751220703
2021-01-21T00:00:00.000,94.5625,91.09627532958984
2021-01-22T00:00:00.000,95.05249786376953,93.37969207763672
2021-01-25T00:00:00.000,94.97000122070312,94.5809097290039
2021-01-26T00:00:00.000,95.86199951171875,94.8294906616211
2021-01-27T00:00:00.000,91.53949737548828,95.05127716064453
2021-01-28T00:00:00.000,93.15550231933594,93.16954803466797
2021-01-29T00:00:00.000,91.78700256347656,92.39411163330078
2021-02-01T00:00:00.000,95.06749725341797,91.65169525146484
2021-02-02T00:00:00.000,96.37550354003906,92.82421112060547
2021-02-03T00:00:00.000,103.50350189208983,94.56918334960938
2021-02-04T00:00:00.000,103.11849975585938,98.92422485351562
2021-02-05T00:00:00.000,104.9000015258789,101.6640396118164
2021-02-08T00:00:00.000,104.64550018310547,103.48629760742188
2021-02-09T00:00:00.000,104.17549896240234,103.9787826538086
2021-02-10T00:00:00.000,104.76899719238281,103.60751342773438
2021-02-11T00:00:00.000,104.79450225830078,103.42266845703125
2021-02-12T00:00:00.000,105.2054977416992,103.3837661743164
2021-02-16T00:00:00.000,106.09500122070312,103.63780975341797
2021-02-17T00:00:00.000,106.41549682617188,104.307861328125
2021-02-18T00:00:00.000,105.86000061035156,104.95809936523438
2021-02-19T00:00:00.000,105.05699920654297,105.077880859375
2021-02-22T00:00:00.000,103.24400329589844,104.664306640625
2021-02-23T00:00:00.000,103.54299926757812,103.4980697631836
2021-02-24T00:00:00.000,104.75849914550781,102.85816955566406
2021-02-25T00:00:00.000,101.56800079345703,103.22489929199219
2021-02-26T00:00:00.000,101.84300231933594,102.24650573730469
2021-03-01T00:00:00.000,104.07550048828125,101.58352661132812
2021-03-02T00:00:00.000,103.79199981689455,102.32596588134766
2021-03-03T00:00:00.000,101.33550262451173,102.93952178955078
2021-03-04T00:00:00.000,102.45449829101562,102.13130187988281
2021-03-05T00:00:00.000,105.427001953125,101.86140441894531
2021-03-08T00:00:00.000,101.20850372314453,103.16719818115234
2021-03-09T00:00:00.000,102.63500213623047,102.30116271972656
2021-03-10T00:00:00.000,102.75150299072266,101.99525451660156
2021-03-11T00:00:00.000,105.7385025024414,101.97653198242188
2021-03-12T00:00:00.000,103.09600067138672,103.40743255615234
2021-03-15T00:00:00.000,103.32450103759766,103.29991912841797
2021-03-16T00:00:00.000,104.6259994506836,102.99346160888672
2021-03-17T00:00:00.000,104.55400085449219,103.33841705322266
2021-03-18T00:00:00.000,101.81099700927734,103.62922668457031
2021-03-19T00:00:00.000,102.16000366210938,102.52627563476562
2021-03-22T00:00:00.000,101.92949676513672,101.77799224853516
2021-03-23T00:00:00.000,102.64800262451172,101.35523986816406
2021-03-24T00:00:00.000,102.25299835205078,101.56922912597656
2021-03-25T00:00:00.000,102.21800231933594,101.6840591430664
2021-03-26T00:00:00.000,101.77749633789061,101.72710418701172
2021-03-29T00:00:00.000,102.79750061035156,101.52887725830078
2021-03-30T00:00:00.000,102.7770004272461,101.82291412353516
2021-03-31T00:00:00.000,103.43150329589844,102.0728988647461
2021-04-01T00:00:00.000,106.88749694824219,102.4901123046875
2021-04-05T00:00:00.000,111.27749633789062,104.31476593017578
2021-04-06T00:00:00.000,111.23750305175781,107.60169982910156
2021-04-07T00:00:00.000,112.48400115966797,109.62220001220703
2021-04-08T00:00:00.000,113.27200317382812,110.90049743652344
2021-04-09T00:00:00.000,114.29399871826172,111.6509017944336
2021-04-12T00:00:00.000,112.739501953125,112.31404876708984
2021-04-13T00:00:00.000,113.36350250244139,111.88444519042969
2021-04-14T00:00:00.000,112.74199676513672,111.69989776611328
2021-04-15T00:00:00.000,114.83300018310547,111.38864135742188
2021-04-16T00:00:00.000,114.88800048828125,112.21698760986328
2021-04-19T00:00:00.000,115.12000274658203,112.98619842529297
2021-04-20T00:00:00.000,114.68150329589844,113.53309631347656
2021-04-21T00:00:00.000,114.66449737548828,113.57527923583984
2021-04-22T00:00:00.000,113.39600372314453,113.47096252441406
2021-04-23T00:00:00.000,115.76499938964844,112.79251861572266
2021-04-26T00:00:00.000,116.33699798583984,113.41304779052734
2021-04-27T00:00:00.000,115.3560028076172,114.30855560302734
2021-04-28T00:00:00.000,118.99549865722656,114.41641235351562
2021-04-29T00:00:00.000,121.49449920654297,115.97869873046875
2021-04-30T00:00:00.000,120.50599670410155,118.2503433227539
2021-05-03T00:00:00.000,119.75849914550781,119.115478515625
2021-05-04T00:00:00.000,117.7125015258789,118.85723114013672
2021-05-05T00:00:00.000,117.83699798583984,117.45073699951172
2021-05-06T00:00:00.000,119.06749725341797,116.49175262451172
2021-05-07T00:00:00.000,119.93450164794922,116.68109130859375
2021-05-10T00:00:00.000,117.08300018310547,117.50768280029297
2021-05-11T00:00:00.000,115.43800354003906,116.82386779785156
2021-05-12T00:00:00.000,111.95400238037108,115.40190887451172
2021-05-13T00:00:00.000,113.09850311279297,112.88119506835938
2021-05-14T00:00:00.000,115.80799865722655,111.8731689453125
2021-05-17T00:00:00.000,116.07050323486328,112.98810577392578
2021-05-18T00:00:00.000,115.17150115966797,114.256591796875
2021-05-19T00:00:00.000,115.43550109863281,114.58014678955078
2021-05-20T00:00:00.000,117.80449676513673,114.62106323242188
2021-05-21T00:00:00.000,117.25499725341797,115.60562896728516
2021-05-24T00:00:00.000,120.33350372314453,116.02472686767578
2021-05-25T00:00:00.000,120.45349884033203,117.51715087890625
2021-05-26T00:00:00.000,121.67649841308595,118.53932189941406
2021-05-27T00:00:00.000,120.12550354003906,119.50509643554688
2021-05-28T00:00:00.000,120.5780029296875,119.21916961669922
2021-06-01T00:00:00.000,121.4905014038086,118.96849060058594
2021-06-02T00:00:00.000,121.06400299072266,119.24312591552734
2021-06-03T00:00:00.000,120.23049926757812,119.32201385498047
2021-06-04T00:00:00.000,122.58799743652344,118.96558380126953
2021-06-07T00:00:00.000,123.30449676513672,119.80052947998047
2021-06-08T00:00:00.000,124.14250183105469,120.84561157226562
2021-06-09T00:00:00.000,124.56999969482422,121.84913635253906
2021-06-10T00:00:00.000,126.08000183105467,122.54532623291016
2021-06-11T00:00:00.000,125.69650268554688,123.51094055175781
2021-06-14T00:00:00.000,126.35199737548828,123.85246276855469
2021-06-15T00:00:00.000,126.03299713134766,124.17528533935547
2021-06-16T00:00:00.000,125.69650268554688,124.16218566894531
2021-06-17T00:00:00.000,126.37100219726562,123.92253875732422
2021-06-18T00:00:00.000,125.56749725341797,124.07083892822266
2021-06-21T00:00:00.000,126.45500183105469,123.8753662109375
2021-06-22T00:00:00.000,126.99949645996094,124.14452362060547
2021-06-23T00:00:00.000,126.46150207519531,124.6546859741211
2021-06-24T00:00:00.000,127.28199768066406,124.73885345458984
2021-06-25T00:00:00.000,126.99500274658203,125.07791137695312
2021-06-28T00:00:00.000,126.81950378417969,125.16228485107422
2021-06-29T00:00:00.000,126.01850128173828,125.06719970703125
2021-06-30T00:00:00.000,125.31600189208984,124.59805297851562
2021-07-01T00:00:00.000,126.36849975585938,123.94857025146484
2021-07-02T00:00:00.000,128.718994140625,124.07543182373047
2021-07-06T00:00:00.000,129.77099609375,125.43008422851562
2021-07-07T00:00:00.000,130.07749938964844,126.91344451904297
2021-07-08T00:00:00.000,129.177001953125,127.84757232666016
2021-07-09T00:00:00.000,129.57449340820312,127.73875427246094
2021-07-12T00:00:00.000,130.56399536132812,127.58226776123047
2021-07-13T00:00:00.000,130.9945068359375,127.90921783447266
2021-07-14T00:00:00.000,132.08250427246094,128.3805389404297
2021-07-15T00:00:00.000,131.26649475097656,129.1793670654297
2021-07-16T00:00:00.000,131.8455047607422,129.28048706054688
2021-07-19T00:00:00.000,129.25399780273438,129.45323181152344
2021-07-20T00:00:00.000,131.10150146484375,128.3255157470703
2021-07-21T00:00:00.000,132.60049438476562,128.34207153320312
2021-07-22T00:00:00.000,133.32850646972656,129.30482482910156
2021-07-23T00:00:00.000,137.8159942626953,130.3909454345703
2021-07-26T00:00:00.000,139.64450073242188,133.10427856445312
2021-07-27T00:00:00.000,136.79649353027344,135.66700744628906
2021-07-28T00:00:00.000,136.38150024414062,135.54429626464844
2021-07-29T00:00:00.000,136.54049682617188,134.62232971191406
2021-07-30T00:00:00.000,135.2209930419922,133.95472717285156
2021-08-02T00:00:00.000,135.989501953125,133.0417938232422
2021-08-03T00:00:00.000,136.27999877929688,132.9444122314453
2021-08-04T00:00:00.000,136.02850341796875,133.26954650878906
2021-08-05T00:00:00.000,136.94000244140625,133.4783172607422
2021-08-06T00:00:00.000,137.03599548339844,134.02818298339844
2021-08-09T00:00:00.000,138.0019989013672,134.4312744140625
2021-08-10T00:00:00.000,138.09649658203125,135.05758666992188
2021-08-11T00:00:00.000,137.6894989013672,135.44601440429688
2021-08-12T00:00:00.000,138.38949584960938,135.38113403320312
2021-08-13T00:00:00.000,138.406005859375,135.5574951171875
2021-08-16T00:00:00.000,138.91600036621094,135.6875457763672
2021-08-17T00:00:00.000,137.30050659179688,135.9874725341797
2021-08-18T00:00:00.000,136.57000732421875,135.41419982910156
2021-08-19T00:00:00.000,136.9134979248047,134.6011962890625
2021-08-20T00:00:00.000,138.43699645996094,134.29855346679688
2021-08-23T00:00:00.000,141.09950256347656,134.9967041015625
2021-08-24T00:00:00.000,142.39849853515625,136.8587646484375
2021-08-25T00:00:00.000,142.9499969482422,138.6813201904297
2021-08-26T00:00:00.000,142.1230010986328,139.83236694335938
2021-08-27T00:00:00.000,144.55050659179688,139.80581665039062
2021-08-30T00:00:00.000,145.46949768066406,140.61204528808594
2021-08-31T00:00:00.000,145.46200561523438,141.56512451171875
2021-09-01T00:00:00.000,145.8419952392578,142.06741333007812
2021-09-02T00:00:00.000,144.218994140625,142.39483642578125
2021-09-03T00:00:00.000,144.77499389648438,141.7368927001953
2021-09-07T00:00:00.000,145.5189971923828,141.46728515625
2021-09-08T00:00:00.000,144.8834991455078,141.7740478515625
2021-09-09T00:00:00.000,144.9134979248047,141.79322814941406
2021-09-10T00:00:00.000,141.92100524902344,141.79959106445312
2021-09-13T00:00:00.000,143.46499633789062,140.39776611328125
2021-09-14T00:00:00.000,143.406005859375,140.14834594726562
2021-09-15T00:00:00.000,145.20599365234375,140.24185180664062
2021-09-16T00:00:00.000,144.37350463867188,141.27049255371094
2021-09-17T00:00:00.000,141.4635009765625,141.61026000976562
2021-09-20T00:00:00.000,139.01699829101562,140.26255798339844
2021-09-21T00:00:00.000,139.64649963378906,138.04098510742188
2021-09-22T00:00:00.000,140.93850708007812,137.00831604003906
2021-09-23T00:00:00.000,141.82650756835938,137.3807373046875
2021-09-24T00:00:00.000,142.63299560546875,138.3688201904297
2021-09-27T00:00:00.000,141.50100708007812,139.43222045898438
2021-09-28T00:00:00.000,136.1840057373047,139.43801879882812
2021-09-29T00:00:00.000,134.52099609375,136.65994262695312
2021-09-30T00:00:00.000,133.2655029296875,133.83255004882812
2021-10-01T00:00:00.000,136.46249389648438,131.768310546875
2021-10-04T00:00:00.000,133.76499938964844,132.46754455566406
2021-10-05T00:00:00.000,136.177001953125,132.2542266845703
2021-10-06T00:00:00.000,137.35400390625,133.18467712402344
2021-10-07T00:00:00.000,139.1855010986328,134.43492126464844
2021-10-08T00:00:00.000,140.05599975585938,135.9763641357422
2021-10-11T00:00:00.000,138.84750366210938,137.16000366210938
2021-10-12T00:00:00.000,136.71299743652344,137.024658203125
2021-10-13T00:00:00.000,137.89999389648438,135.5802459716797
2021-10-14T00:00:00.000,141.41200256347656,135.06161499023438
2021-10-15T00:00:00.000,141.6750030517578,136.6380157470703
2021-10-18T00:00:00.000,142.9604949951172,138.05532836914062
2021-10-19T00:00:00.000,143.82200622558594,139.39056396484375
2021-10-20T00:00:00.000,142.4149932861328,140.41860961914062
2021-10-21T00:00:00.000,142.78050231933594,140.1520233154297
2021-10-22T00:00:00.000,138.625,139.86903381347656
2021-10-25T00:00:00.000,138.7729949951172,137.7200164794922
2021-10-26T00:00:00.000,139.6719970703125,136.33645629882812
2021-10-27T00:00:00.000,146.42750549316406,136.25331115722656
2021-10-28T00:00:00.000,146.12899780273438,139.78515625
2021-10-29T00:00:00.000,148.27049255371094,142.26368713378906
2021-11-01T00:00:00.000,143.7740020751953,144.3354949951172
2021-11-02T00:00:00.000,145.86300659179688,143.02891540527344
2021-11-03T00:00:00.000,146.7899932861328,142.5463409423828
2021-11-04T00:00:00.000,148.68299865722656,142.8025360107422
2021-11-05T00:00:00.000,149.24099731445312,144.0123748779297
2021-11-08T00:00:00.000,149.35150146484375,145.1244659423828
2021-11-09T00:00:00.000,149.24850463867188,145.73770141601562
2021-11-10T00:00:00.000,146.62600708007812,145.8744659423828
2021-11-11T00:00:00.000,146.7480010986328,144.5707550048828
2021-11-12T00:00:00.000,149.64549255371094,143.66998291015625
2021-11-15T00:00:00.000,149.38800048828128,144.68453979492188
2021-11-16T00:00:00.000,149.0760040283203,145.5274658203125
2021-11-17T00:00:00.000,149.06199645996094,145.83108520507812
2021-11-18T00:00:00.000,150.70899963378906,145.85604858398438
2021-11-19T00:00:00.000,149.95249938964844,146.56561279296875
2021-11-22T00:00:00.000,147.07850646972656,146.6812286376953
2021-11-23T00:00:00.000,146.7570037841797,145.25120544433594
2021-11-24T00:00:00.000,146.71749877929688,144.0500030517578
2021-11-26T00:00:00.000,142.80599975585938,143.4723663330078
2021-11-29T00:00:00.000,146.11399841308594,141.51556396484375
2021-11-30T00:00:00.000,142.45199584960938,141.885498046875
2021-12-01T00:00:00.000,141.6179962158203,140.85292053222656
2021-12-02T00:00:00.000,143.77650451660156,139.73178100585938
2021-12-03T00:00:00.000,142.52049255371094,140.167724609375
2021-12-06T00:00:00.000,143.79649353027344,140.1346893310547
2021-12-07T00:00:00.000,148.0364990234375,140.6540985107422
2021-12-08T00:00:00.000,148.7205047607422,143.012451171875
2021-12-09T00:00:00.000,148.10600280761722,144.87005615234375
2021-12-10T00:00:00.000,148.6750030517578,145.35740661621094
2021-12-13T00:00:00.000,146.70449829101565,145.47828674316406
2021-12-14T00:00:00.000,144.9705047607422,144.42169189453125
2021-12-15T00:00:00.000,147.36849975585938,142.78794860839844
2021-12-16T00:00:00.000,144.8385009765625,142.98402404785156
2021-12-17T00:00:00.000,142.80299377441406,142.3120880126953
2021-12-20T00:00:00.000,142.40150451660156,140.92796325683594
2021-12-21T00:00:00.000,144.2205047607422,139.92861938476562
2021-12-22T00:00:00.000,146.94900512695312,140.4061279296875
2021-12-23T00:00:00.000,147.14250183105472,142.30641174316406
2021-12-27T00:00:00.000,148.06399536132812,143.69113159179688
2021-12-28T00:00:00.000,146.447998046875,144.70018005371094
2021-12-29T00:00:00.000,146.50450134277344,144.27178955078125
2021-12-30T00:00:00.000,146.00250244140625,143.7046356201172
2021-12-31T00:00:00.000,144.67950439453125,143.08741760253906
2022-01-03T00:00:00.000,145.07449340820312,142.14125061035156
2022-01-04T00:00:00.000,144.41650390625,141.8163604736328
2022-01-05T00:00:00.000,137.65350341796875,141.5100555419922
2022-01-06T00:00:00.000,137.55099487304688,138.2181396484375
2022-01-07T00:00:00.000,137.00450134277344,135.92971801757812
2022-01-10T00:00:00.000,138.57400512695312,134.7398223876953
2022-01-11T00:00:00.000,140.0175018310547,135.22483825683594
2022-01-12T00:00:00.000,141.6479949951172,136.6051025390625
2022-01-13T00:00:00.000,139.13099670410156,138.3112335205078
2022-01-14T00:00:00.000,139.7864990234375,138.0160369873047
2022-01-18T00:00:00.000,136.29049682617188,137.67164611816406
2022-01-19T00:00:00.000,135.65199279785156,135.72312927246094
2022-01-20T00:00:00.000,133.50650024414062,134.06280517578125
2022-01-21T00:00:00.000,130.0919952392578,132.26177978515625
2022-01-24T00:00:00.000,130.3719940185547,129.7772979736328
2022-01-25T00:00:00.000,126.7354965209961,128.57034301757812
2022-01-26T00:00:00.000,129.24000549316406,126.5982666015625
2022-01-27T00:00:00.000,129.12100219726562,126.69132232666016
2022-01-28T00:00:00.000,133.2895050048828,127.17005920410156
2022-01-31T00:00:00.000,135.69850158691406,129.50421142578125
2022-02-01T00:00:00.000,137.8784942626953,132.1992645263672
2022-02-02T00:00:00.000,148.0364990234375,134.60955810546875
2022-02-03T00:00:00.000,142.65049743652344,140.44534301757812
2022-02-04T00:00:00.000,143.01600646972656,141.37974548339844
2022-02-07T00:00:00.000,138.93800354003906,140.86334228515625
2022-02-08T00:00:00.000,139.21299743652344,138.1348419189453
2022-02-09T00:00:00.000,141.4530029296875,136.357421875
2022-02-10T00:00:00.000,138.6024932861328,136.75244140625
2022-02-11T00:00:00.000,134.1300048828125,136.21856689453125
2022-02-14T00:00:00.000,135.3000030517578,133.8033905029297
2022-02-15T00:00:00.000,136.42550659179688,132.7993927001953
2022-02-16T00:00:00.000,137.4875030517578,133.1705322265625
2022-02-17T00:00:00.000,132.30850219726562,134.25657653808594
2022-02-18T00:00:00.000,130.46749877929688,132.58035278320312
2022-02-22T00:00:00.000,129.40249633789062,130.27975463867188
2022-02-23T00:00:00.000,127.58499908447264,128.4192352294922
2022-02-24T00:00:00.000,132.67349243164062,126.73591613769531
2022-02-25T00:00:00.000,134.51950073242188,128.36581420898438
2022-02-28T00:00:00.000,134.89100646972656,130.84092712402344
2022-03-01T00:00:00.000,134.16799926757812,132.50674438476562
2022-03-02T00:00:00.000,134.75149536132812,132.76907348632812
2022-03-03T00:00:00.000,134.30799865722656,132.74594116210938
2022-03-04T00:00:00.000,132.1219940185547,132.34732055664062
2022-03-07T00:00:00.000,126.4645004272461,130.9860382080078
2022-03-08T00:00:00.000,127.27850341796874,127.42874908447266
2022-03-09T00:00:00.000,133.86599731445312,125.54400634765625
2022-03-10T00:00:00.000,132.6820068359375,128.08465576171875
2022-03-11T00:00:00.000,130.47549438476562,129.92550659179688
2022-03-14T00:00:00.000,126.74099731445312,129.78054809570312
2022-03-15T00:00:00.000,129.66050720214844,127.46726989746094
2022-03-16T00:00:00.000,133.6905059814453,127.09072875976562
2022-03-17T00:00:00.000,134.60049438476562,129.16554260253906
2022-03-18T00:00:00.000,136.80149841308594,131.2361297607422
2022-03-21T00:00:00.000,136.47850036621094,133.3463592529297
2022-03-22T00:00:00.000,140.27749633789062,134.2001190185547
2022-03-23T00:00:00.000,138.5034942626953,136.06224060058594
2022-03-24T00:00:00.000,141.31199645996094,136.2764892578125
2022-03-25T00:00:00.000,141.52149963378906,137.3169708251953
2022-03-28T00:00:00.000,141.9499969482422,138.05239868164062
2022-03-29T00:00:00.000,143.25,138.56344604492188
2022-03-30T00:00:00.000,142.64450073242188,139.3821563720703
2022-03-31T00:00:00.000,139.64950561523438,139.57469177246094
2022-04-01T00:00:00.000,140.6999969482422,138.14024353027344
2022-04-04T00:00:00.000,143.6425018310547,137.5808563232422
2022-04-05T00:00:00.000,141.06300354003906,138.8932647705078
2022-04-06T00:00:00.000,137.17599487304688,138.80442810058594
2022-04-07T00:00:00.000,136.46499633789062,136.6971893310547
2022-04-08T00:00:00.000,134.010498046875,134.86337280273438
2022-04-11T00:00:00.000,129.79649353027344,132.842529296875
2022-04-12T00:00:00.000,128.37449645996094,129.88075256347656
2022-04-13T00:00:00.000,130.28599548339844,127.59468078613281
2022-04-14T00:00:00.000,127.25299835205078,127.55205535888672
2022-04-18T00:00:00.000,127.96099853515625,126.6995849609375
2022-04-19T00:00:00.000,130.531005859375,126.50553131103516
2022-04-20T00:00:00.000,128.24549865722656,127.74016571044922
2022-04-21T00:00:00.000,124.9375,127.58965301513672
2022-04-22T00:00:00.000,119.61399841308594,125.6288833618164
2022-04-25T00:00:00.000,123.25,121.66649627685547
2022-04-26T00:00:00.000,119.50599670410156,120.83165740966797
2022-04-27T00:00:00.000,115.02050018310547,119.36509704589844
2022-04-28T00:00:00.000,119.4114990234375,116.5096435546875
2022-04-29T00:00:00.000,114.96649932861328,116.79773712158203
2022-05-02T00:00:00.000,117.15699768066406,115.61243438720703
2022-05-03T00:00:00.000,118.12950134277344,115.7540283203125
2022-05-04T00:00:00.000,122.57499694824219,116.54427337646484
2022-05-05T00:00:00.000,116.74649810791016,119.15402221679688
2022-05-06T00:00:00.000,115.66000366210938,118.14753723144531
2022-05-09T00:00:00.000,113.08399963378906,116.25574493408203
2022-05-10T00:00:00.000,114.58450317382812,113.75761413574219
2022-05-11T00:00:00.000,113.96099853515625,112.99320220947266
2022-05-12T00:00:00.000,113.16100311279297,112.739013671875
2022-05-13T00:00:00.000,116.5155029296875,112.4382553100586
2022-05-16T00:00:00.000,114.7925033569336,113.86258697509766
2022-05-17T00:00:00.000,116.70149993896484,114.19951629638672
2022-05-18T00:00:00.000,112.4010009765625,115.0078125
2022-05-19T00:00:00.000,110.74549865722658,113.47996520996094
2022-05-20T00:00:00.000,109.31300354003906,111.35845184326172
2022-05-23T00:00:00.000,111.66649627685547,109.41199493408203
2022-05-24T00:00:00.000,105.9260025024414,109.54428100585938
2022-05-25T00:00:00.000,105.8395004272461,107.51812744140625
2022-05-26T00:00:00.000,108.2959976196289,106.00443267822266
2022-05-27T00:00:00.000,112.79900360107422,106.45894622802734
2022-05-31T00:00:00.000,114.03900146484375,109.2663803100586
2022-06-01T00:00:00.000,114.13700103759766,111.88048553466797
2022-06-02T00:00:00.000,117.74600219726562,113.21206665039062
2022-06-03T00:00:00.000,114.56400299072266,115.16336822509766
2022-06-06T00:00:00.000,117.010498046875,114.70646667480469
2022-06-07T00:00:00.000,117.22949981689453,114.97290802001953
2022-06-08T00:00:00.000,117.23799896240234,115.29320526123047
2022-06-09T00:00:00.000,114.91799926757812,115.48374938964844
2022-06-10T00:00:00.000,111.42749786376953,114.49894714355469
2022-06-13T00:00:00.000,106.87650299072266,112.13842010498047
2022-06-14T00:00:00.000,107.19400024414062,108.53775024414062
2022-06-15T00:00:00.000,110.3905029296875,106.57865905761719
2022-06-16T00:00:00.000,106.63600158691406,107.49435424804688
2022-06-17T00:00:00.000,107.8655014038086,107.05215454101562
2022-06-21T00:00:00.000,112.01499938964844,107.16966247558594
2022-06-22T00:00:00.000,112.03399658203125,109.24718475341797
2022-06-23T00:00:00.000,112.68450164794923,110.7683334350586
2022-06-24T00:00:00.000,118.53800201416016,111.69361114501953
2022-06-27T00:00:00.000,116.62249755859375,114.64427947998047
2022-06-28T00:00:00.000,112.57150268554688,115.64892578125
2022-06-29T00:00:00.000,112.25650024414064,113.79588317871094
2022-06-30T00:00:00.000,109.37249755859375,111.94255065917969
2022-07-01T00:00:00.000,109.08100128173828,109.60185241699219
2022-07-05T00:00:00.000,113.88700103759764,108.1999740600586
2022-07-06T00:00:00.000,115.2135009765625,109.9893798828125
2022-07-07T00:00:00.000,119.30599975585938,112.3827896118164
2022-07-08T00:00:00.000,120.16850280761719,115.7449722290039
2022-07-11T00:00:00.000,116.52249908447266,118.06986236572266
2022-07-12T00:00:00.000,114.84950256347656,117.25247192382812
2022-07-13T00:00:00.000,112.18699645996094,115.22052764892578
2022-07-14T00:00:00.000,111.44000244140625,112.55847930908203
2022-07-15T00:00:00.000,112.76699829101562,110.69705200195312
2022-07-18T00:00:00.000,109.91000366210938,110.60491180419922
2022-07-19T00:00:00.000,114.62000274658203,109.77168273925781
2022-07-20T00:00:00.000,114.69999694824219,111.4483871459961
2022-07-21T00:00:00.000,115.04000091552734,112.96320343017578
2022-07-22T00:00:00.000,108.36000061035156,113.8968505859375
2022-07-25T00:00:00.000,108.20999908447266,111.11173248291016
2022-07-26T00:00:00.000,105.44000244140625,108.67973327636719
2022-07-27T00:00:00.000,113.5999984741211,106.15389251708984
2022-07-28T00:00:00.000,114.58999633789062,108.61449432373047
2022-07-29T00:00:00.000,116.63999938964845,111.59130096435547
2022-08-01T00:00:00.000,115.4800033569336,114.30118560791016
2022-08-02T00:00:00.000,115.9000015258789,115.04705810546875
2022-08-03T00:00:00.000,118.77999877929689,115.06075286865234
2022-08-04T00:00:00.000,118.87000274658203,116.10354614257812
2022-08-05T00:00:00.000,118.22000122070312,116.85284423828125
2022-08-08T00:00:00.000,118.13999938964844,116.86654663085938
2022-08-09T00:00:00.000,117.50000000000001,116.657958984375
2022-08-10T00:00:00.000,120.6500015258789,116.20008850097656
2022-08-11T00:00:00.000,119.81999969482422,117.39131927490234
2022-08-12T00:00:00.000,122.65000152587892,118.02613830566406
2022-08-15T00:00:00.000,122.87999725341797,119.59241485595703
2022-08-16T00:00:00.000,122.51000213623047,120.70501708984375
2022-08-17T00:00:00.000,120.31999969482422,120.996337890625
2022-08-18T00:00:00.000,120.86000061035156,119.90667724609375
2022-08-19T00:00:00.000,118.12000274658203,119.2590103149414
2022-08-22T00:00:00.000,115.06999969482422,117.74742889404297
2022-08-23T00:00:00.000,114.7699966430664,115.41703796386719
2022-08-24T00:00:00.000,114.69999694824219,113.9407958984375
2022-08-25T00:00:00.000,117.69999694824219,113.40573120117188
2022-08-26T00:00:00.000,111.30000305175781,114.82527160644531
2022-08-29T00:00:00.000,110.33999633789062,113.10981750488281
2022-08-30T00:00:00.000,109.91000366210938,111.10089874267578
2022-08-31T00:00:00.000,109.1500015258789,109.72957611083984
2022-09-01T00:00:00.000,110.55000305175781,108.8204116821289
2022-09-02T00:00:00.000,108.68000030517578,109.13560485839844
2022-09-06T00:00:00.000,107.4800033569336,108.74923706054688
2022-09-07T00:00:00.000,110.4800033569336,107.84848022460938
2022-09-08T00:00:00.000,109.41999816894531,108.60395050048828
2022-09-09T00:00:00.000,111.77999877929688,108.86347198486328
2022-09-12T00:00:00.000,111.87000274658203,109.96652221679688
2022-09-13T00:00:00.000,105.30999755859375,110.7289810180664
2022-09-14T00:00:00.000,105.87000274658203,107.99720001220703
2022-09-15T00:00:00.000,103.9000015258789,105.97733306884766
2022-09-16T00:00:00.000,103.62999725341797,104.13188171386719
2022-09-19T00:00:00.000,103.8499984741211,103.1444320678711
2022-09-20T00:00:00.000,101.83000183105469,103.00077819824219
2022-09-21T00:00:00.000,100.01000213623047,102.27061462402344
2022-09-22T00:00:00.000,100.56999969482422,100.95878601074219
2022-09-23T00:00:00.000,99.16999816894531,100.38154602050781
2022-09-26T00:00:00.000,98.80999755859375,99.60672760009766
2022-09-27T00:00:00.000,98.08999633789062,98.99848175048828
2022-09-28T00:00:00.000,100.73999786376953,98.3830795288086
2022-09-29T00:00:00.000,98.08999633789062,99.25460052490234
2022-09-30T00:00:00.000,96.1500015258789,98.85159301757812
2022-10-03T00:00:00.000,99.30000305175781,97.45158386230469
2022-10-04T00:00:00.000,102.41000366210938,97.8545913696289
2022-10-05T00:00:00.000,102.22000122070312,99.88677215576172
2022-10-06T00:00:00.000,102.23999786376953,101.27468872070312
2022-10-07T00:00:00.000,99.56999969482422,101.8445053100586
2022-10-10T00:00:00.000,98.70999908447266,100.66513061523438
2022-10-11T00:00:00.000,98.05000305175781,99.1779556274414
2022-10-12T00:00:00.000,98.30000305175781,97.98490142822266
2022-10-13T00:00:00.000,99.70999908447266,97.5653305053711
2022-10-14T00:00:00.000,97.18000030517578,98.22530364990234
2022-10-17T00:00:00.000,100.77999877929688,97.73948669433594
2022-10-18T00:00:00.000,101.38999938964844,98.87662506103516
2022-10-19T00:00:00.000,100.29000091552734,100.12488555908203
2022-10-20T00:00:00.000,100.52999877929688,100.31063842773438
2022-10-21T00:00:00.000,101.4800033569336,100.22911071777344
2022-10-24T00:00:00.000,102.97000122070311,100.50296783447266
2022-10-25T00:00:00.000,104.93000030517578,101.3867416381836
2022-10-26T00:00:00.000,94.81999969482423,102.88813781738281
2022-10-27T00:00:00.000,92.5999984741211,99.22258758544922
2022-10-28T00:00:00.000,96.58000183105469,95.0694808959961
2022-10-31T00:00:00.000,94.66000366210938,94.49993133544922
2022-11-01T00:00:00.000,90.5,94.28022766113281
2022-11-02T00:00:00.000,87.06999969482422,92.52073669433594
2022-11-03T00:00:00.000,83.48999786376953,89.73540496826172
2022-11-04T00:00:00.000,86.69999694824217,86.4095687866211
2022-11-07T00:00:00.000,88.6500015258789,85.94855499267578
2022-11-08T00:00:00.000,88.91000366210938,87.32330322265625
2022-11-09T00:00:00.000,87.4000015258789,88.69197082519531
2022-11-10T00:00:00.000,94.16999816894531,88.73692321777344
2022-11-11T00:00:00.000,96.7300033569336,91.39945983886719
2022-11-14T00:00:00.000,96.02999877929688,94.51213836669922
2022-11-15T00:00:00.000,98.72000122070312,95.88920593261719
2022-11-16T00:00:00.000,98.98999786376953,97.30879211425781
2022-11-17T00:00:00.000,98.5,98.0673828125
2022-11-18T00:00:00.000,97.80000305175781,98.02015686035156
2022-11-21T00:00:00.000,95.83000183105469,97.44747924804688
2022-11-22T00:00:00.000,97.33000183105469,96.12602996826172
2022-11-23T00:00:00.000,98.81999969482422,95.9607162475586
2022-11-25T00:00:00.000,97.5999984741211,96.88329315185547
2022-11-28T00:00:00.000,96.25,97.16181182861328
2022-11-29T00:00:00.000,95.44000244140625,96.59725952148438
2022-11-30T00:00:00.000,101.44999694824219,95.73648071289062
2022-12-01T00:00:00.000,101.27999877929688,97.93453216552734
2022-12-02T00:00:00.000,100.83000183105467,99.76934051513672
2022-12-05T00:00:00.000,99.87000274658203,100.4786605834961
2022-12-06T00:00:00.000,97.30999755859375,100.10127258300781
2022-12-07T00:00:00.000,95.1500015258789,98.4214859008789
2022-12-08T00:00:00.000,93.9499969482422,96.2167739868164
2022-12-09T00:00:00.000,93.06999969482422,94.3922348022461
2022-12-12T00:00:00.000,93.55999755859375,93.17729949951172
2022-12-13T00:00:00.000,95.8499984741211,92.98532104492188
2022-12-14T00:00:00.000,95.30999755859375,94.24092102050781
2022-12-15T00:00:00.000,91.19999694824219,95.06037139892578
2022-12-16T00:00:00.000,90.86000061035156,93.54093933105469
2022-12-19T00:00:00.000,89.1500015258789,91.97046661376953
2022-12-20T00:00:00.000,89.62999725341797,90.29436492919922
2022-12-21T00:00:00.000,90.25,89.5947494506836
2022-12-22T00:00:00.000,88.26000213623047,89.76508331298828
2022-12-23T00:00:00.000,89.80999755859375,89.2143783569336
2022-12-27T00:00:00.000,87.93000030517578,89.45552825927734
2022-12-28T00:00:00.000,86.45999908447266,88.9151611328125
2022-12-29T00:00:00.000,88.94999694824219,87.76769256591797
2022-12-30T00:00:00.000,88.7300033569336,88.09097290039062
2023-01-03T00:00:00.000,89.69999694824217,88.51272583007812
2023-01-04T00:00:00.000,88.70999908447266,89.2082748413086
2023-01-05T00:00:00.000,86.7699966430664,89.18485260009766
2023-01-06T00:00:00.000,88.16000366210938,88.10118865966797
2023-01-09T00:00:00.000,88.80000305175781,87.8490219116211
2023-01-10T00:00:00.000,89.23999786376955,88.18675231933594
2023-01-11T00:00:00.000,92.26000213623045,88.72824096679688
2023-01-12T00:00:00.000,91.91000366210938,90.43448638916016
2023-01-13T00:00:00.000,92.80000305175781,91.46411895751953
2023-01-17T00:00:00.000,92.16000366210938,92.23029327392578
2023-01-18T00:00:00.000,91.77999877929688,92.23555755615234
2023-01-19T00:00:00.000,93.91000366210938,91.84431457519531
2023-01-20T00:00:00.000,99.27999877929688,92.47433471679688
2023-01-23T00:00:00.000,101.20999908447266,95.48851776123047
2023-01-24T00:00:00.000,99.20999908447266,98.56555938720703
2023-01-25T00:00:00.000,96.7300033569336,99.3013687133789
2023-01-26T00:00:00.000,99.16000366210938,97.94633483886719
2023-01-27T00:00:00.000,100.70999908447266,97.7492904663086
2023-01-30T00:00:00.000,97.94999694824219,98.59868621826172
2023-01-31T00:00:00.000,99.87000274658203,98.10218811035156
2023-02-01T00:00:00.000,101.43000030517578,98.44652557373047
2023-02-02T00:00:00.000,108.80000305175781,99.55553436279297
2023-02-03T00:00:00.000,105.22000122070312,103.72845458984375
2023-02-06T00:00:00.000,103.47000122070312,105.01966094970703
2023-02-07T00:00:00.000,108.04000091552734,104.2135238647461
2023-02-08T00:00:00.000,100,105.2813720703125
2023-02-09T00:00:00.000,95.45999908447266,102.55184173583984
2023-02-10T00:00:00.000,94.86000061035156,98.2138900756836
2023-02-13T00:00:00.000,95,95.2753677368164
2023-02-14T00:00:00.000,94.94999694824219,94.20822143554688
2023-02-15T00:00:00.000,97.0999984741211,94.2315673828125
2023-02-16T00:00:00.000,95.77999877929688,95.61338806152344
2023-02-17T00:00:00.000,94.58999633789062,96.13069915771484
2023-02-21T00:00:00.000,92.05000305175781,95.65193176269531
2023-02-22T00:00:00.000,91.80000305175781,93.94189453125
2023-02-23T00:00:00.000,91.06999969482422,92.55896759033203
2023-02-24T00:00:00.000,89.3499984741211,91.53753662109375
2023-02-27T00:00:00.000,90.09999847412111,90.32272338867188
2023-02-28T00:00:00.000,90.30000305175781,89.9892807006836
2023-03-01T00:00:00.000,90.51000213623047,90.13204193115234
2023-03-02T00:00:00.000,92.30999755859375,90.43653869628906
2023-03-03T00:00:00.000,94.0199966430664,91.44127655029297
2023-03-06T00:00:00.000,95.58000183105469,92.88948059082031
2023-03-07T00:00:00.000,94.16999816894531,94.43428802490234
2023-03-08T00:00:00.000,94.6500015258789,94.58592224121094
2023-03-09T00:00:00.000,92.66000366210938,94.48343658447266
2023-03-10T00:00:00.000,91.01000213623047,93.40638732910156
2023-03-13T00:00:00.000,91.66000366210938,91.83941650390625
2023-03-14T00:00:00.000,94.25,91.18614959716797
2023-03-15T00:00:00.000,96.5500030517578,92.26781463623047
2023-03-16T00:00:00.000,101.06999969482422,94.36856842041016
2023-03-17T00:00:00.000,102.45999908447266,97.82391357421875
2023-03-20T00:00:00.000,101.93000030517578,100.59256744384766
2023-03-21T00:00:00.000,105.83999633789062,101.58145904541016
2023-03-22T00:00:00.000,104.22000122070314,103.35166931152344
2023-03-23T00:00:00.000,106.26000213623047,103.62186431884766
2023-03-24T00:00:00.000,106.05999755859375,104.30764770507812
2023-03-27T00:00:00.000,103.05999755859375,104.64218139648438
2023-03-28T00:00:00.000,101.36000061035156,103.3880386352539
2023-03-29T00:00:00.000,101.9000015258789,101.61388397216797
2023-03-30T00:00:00.000,101.31999969482422,100.84017944335938
2023-03-31T00:00:00.000,104,100.48201751708984
2023-04-03T00:00:00.000,104.91000366210938,101.7127456665039
2023-04-04T00:00:00.000,105.12000274658202,103.2176742553711
2023-04-05T00:00:00.000,104.94999694824219,104.20533752441406
2023-04-06T00:00:00.000,108.9000015258789,104.4992904663086
2023-04-10T00:00:00.000,106.94999694824219,106.244873046875
2023-04-11T00:00:00.000,106.12000274658203,106.55184173583984
2023-04-12T00:00:00.000,105.22000122070312,105.97977447509766
2023-04-13T00:00:00.000,108.19000244140625,105.01542663574219
2023-04-14T00:00:00.000,109.45999908447266,105.7657470703125
2023-04-17T00:00:00.000,106.41999816894531,107.16582489013672
2023-04-18T00:00:00.000,105.12000274658202,106.70568084716797
2023-04-19T00:00:00.000,105.0199966430664,105.45025634765625
2023-04-20T00:00:00.000,105.9000015258789,104.53382873535156
2023-04-21T00:00:00.000,105.91000366210938,104.54597473144531
2023-04-24T00:00:00.000,106.77999877929688,104.8197250366211
2023-04-25T00:00:00.000,104.61000061035156,105.46876525878906
2023-04-26T00:00:00.000,104.44999694824219,104.91724395751953
2023-04-27T00:00:00.000,108.37000274658203,104.27193450927734
2023-04-28T00:00:00.000,108.22000122070312,105.67923736572266
2023-05-01T00:00:00.000,107.70999908447266,106.82691955566406
2023-05-02T00:00:00.000,105.98000335693358,107.14986419677734
2023-05-03T00:00:00.000,106.12000274658203,106.29708862304688
2023-05-04T00:00:00.000,105.20999908447266,105.59770965576172
2023-05-05T00:00:00.000,106.21499633789062,104.82763671875
2023-05-08T00:00:00.000,108.23999786376953,104.89031982421875
2023-05-09T00:00:00.000,107.94000244140625,106.07698822021484
2023-05-10T00:00:00.000,112.27999877929688,106.85809326171875
2023-05-11T00:00:00.000,116.9000015258789,109.17901611328125
2023-05-12T00:00:00.000,117.91999816894533,112.84393310546875
2023-05-15T00:00:00.000,116.95999908447266,115.49092864990234
2023-05-16T00:00:00.000,120.08999633789061,116.10574340820312
2023-05-17T00:00:00.000,121.4800033569336,117.29039764404297
2023-05-18T00:00:00.000,123.51999664306639,118.5736083984375
2023-05-19T00:00:00.000,123.25,120.18729400634766
2023-05-22T00:00:00.000,125.87000274658203,120.96141815185547
2023-05-23T00:00:00.000,123.29000091552734,122.39686584472656
2023-05-24T00:00:00.000,121.63999938964844,122.0698471069336
2023-05-25T00:00:00.000,124.34999847412111,120.76618957519531
2023-05-26T00:00:00.000,125.43000030517578,121.1422119140625
2023-05-30T00:00:00.000,124.63999938964844,122.25901794433594
2023-05-31T00:00:00.000,123.37000274658203,122.71967315673828
2023-06-01T00:00:00.000,124.37000274658202,122.26412200927734
2023-06-02T00:00:00.000,125.23000335693358,122.29313659667969
2023-06-05T00:00:00.000,126.62999725341797,122.81400299072266
2023-06-06T00:00:00.000,127.91000366210938,123.86934661865234
2023-06-07T00:00:00.000,122.94000244140625,125.14203643798828
2023-06-08T00:00:00.000,122.66999816894531,123.51592254638672
2023-06-09T00:00:00.000,122.87000274658203,121.89984130859375
2023-06-12T00:00:00.000,124.34999847412111,121.11903381347656
2023-06-13T00:00:00.000,124.43000030517578,121.63845825195312
2023-06-14T00:00:00.000,124.37999725341795,122.30301666259766
2023-06-15T00:00:00.000,125.79000091552734,122.70503234863281
2023-06-16T00:00:00.000,124.05999755859375,123.5089340209961
2023-06-20T00:00:00.000,123.8499984741211,123.17322540283203
2023-06-21T00:00:00.000,121.26000213623047,122.62763977050781
2023-06-22T00:00:00.000,123.87000274658203,121.05682373046875
2023-06-23T00:00:00.000,123.0199966430664,121.23812103271484
2023-06-26T00:00:00.000,119.08999633789062,121.33719635009766
2023-06-27T00:00:00.000,119.01000213623047,119.60150146484375
2023-06-28T00:00:00.000,121.08000183105469,118.27850341796875
2023-06-29T00:00:00.000,120.01000213623047,118.64190673828125
2023-06-30T00:00:00.000,120.97000122070312,118.75283813476562
2023-07-03T00:00:00.000,120.55999755859375,119.24820709228516
2023-07-05T00:00:00.000,122.62999725341798,119.38719940185547
2023-07-06T00:00:00.000,120.9300003051758,120.3221206665039
2023-07-07T00:00:00.000,120.13999938964844,120.15059661865234
2023-07-10T00:00:00.000,116.87000274658203,119.42514038085938
2023-07-11T00:00:00.000,117.70999908447266,117.36636352539062
2023-07-12T00:00:00.000,119.62000274658203,116.38554382324219
2023-07-13T00:00:00.000,124.83000183105469,117.02041625976562
2023-07-14T00:00:00.000,125.69999694824219,120.20429992675781
2023-07-17T00:00:00.000,125.05999755859375,122.86527252197266
2023-07-18T00:00:00.000,124.08000183105469,123.80255889892578
2023-07-19T00:00:00.000,122.77999877929688,123.33245849609375
2023-07-20T00:00:00.000,119.52999877929688,122.05308532714844
2023-07-21T00:00:00.000,120.30999755859375,119.64562225341797
2023-07-24T00:00:00.000,121.87999725341797,118.53044128417969
2023-07-25T00:00:00.000,122.79000091552734,119.03228759765625
2023-07-26T00:00:00.000,129.66000366210938,120.18761444091797
2023-07-27T00:00:00.000,129.8699951171875,124.21730041503906
2023-07-28T00:00:00.000,133.00999450683594,127.0212173461914
2023-07-31T00:00:00.000,133.11000061035156,129.61788940429688
2023-08-01T00:00:00.000,131.88999938964844,130.78781127929688
2023-08-02T00:00:00.000,128.63999938964844,130.36619567871094
2023-08-03T00:00:00.000,128.77000427246094,128.17532348632812
2023-08-04T00:00:00.000,128.5399932861328,126.69517517089844
2023-08-07T00:00:00.000,131.94000244140625,126.02073669433594
2023-08-08T00:00:00.000,131.83999633789062,127.5672836303711
2023-08-09T00:00:00.000,130.14999389648438,128.90965270996094
2023-08-10T00:00:00.000,130.2100067138672,128.83837890625
2023-08-11T00:00:00.000,130.1699981689453,128.51063537597656
2023-08-14T00:00:00.000,131.8300018310547,128.22344970703125
2023-08-15T00:00:00.000,130.27000427246094,128.85546875
2023-08-16T00:00:00.000,129.11000061035156,128.65457153320312
2023-08-17T00:00:00.000,130.4600067138672,127.84842681884766
2023-08-18T00:00:00.000,128.11000061035156,127.9269027709961
2023-08-21T00:00:00.000,128.92999267578125,127.06208038330078
2023-08-22T00:00:00.000,129.69000244140625,126.83361053466797
2023-08-23T00:00:00.000,133.2100067138672,127.21621704101562
2023-08-24T00:00:00.000,130.4199981689453,129.2254180908203
2023-08-25T00:00:00.000,130.69000244140625,129.3009033203125
2023-08-28T00:00:00.000,131.7899932861328,129.0388946533203
2023-08-29T00:00:00.000,135.49000549316406,129.2706298828125
2023-08-30T00:00:00.000,136.92999267578125,131.20578002929688
2023-08-31T00:00:00.000,137.35000610351562,133.23367309570312
2023-09-01T00:00:00.000,136.8000030517578,134.4760284423828
2023-09-05T00:00:00.000,136.7100067138672,134.61810302734375
2023-09-06T00:00:00.000,135.3699951171875,134.3378143310547
2023-09-07T00:00:00.000,136.1999969482422,133.42535400390625
2023-09-08T00:00:00.000,137.1999969482422,133.2216796875
2023-09-11T00:00:00.000,137.74000549316406,133.77310180664062
2023-09-12T00:00:00.000,136.07000732421875,134.53233337402344
2023-09-13T00:00:00.000,137.5,134.21910095214844
2023-09-14T00:00:00.000,138.99000549316406,134.51724243164062
2023-09-15T00:00:00.000,138.3000030517578,135.48440551757812
2023-09-18T00:00:00.000,138.9600067138672,135.80206298828125
2023-09-19T00:00:00.000,138.8300018310547,136.13711547851562
2023-09-20T00:00:00.000,134.58999633789062,136.219482421875
2023-09-21T00:00:00.000,131.36000061035156,134.19741821289062
2023-09-22T00:00:00.000,131.25,131.2091827392578
2023-09-25T00:00:00.000,132.1699981689453,129.43716430664062
2023-09-26T00:00:00.000,129.4499969482422,129.30181884765625
2023-09-27T00:00:00.000,131.4600067138672,128.4357452392578
2023-09-28T00:00:00.000,133.1300048828125,128.87576293945312
2023-09-29T00:00:00.000,131.85000610351562,130.18043518066406
2023-10-02T00:00:00.000,135.1699981689453,130.43955993652344
2023-10-03T00:00:00.000,133.3000030517578,131.87123107910156
2023-10-04T00:00:00.000,136.27000427246094,131.88499450683594
2023-10-05T00:00:00.000,135.99000549316406,132.93556213378906
2023-10-06T00:00:00.000,138.72999572753906,133.47616577148438
2023-10-09T00:00:00.000,139.5,134.9052734375
2023-10-10T00:00:00.000,139.1999969482422,136.1346435546875
2023-10-11T00:00:00.000,141.6999969482422,136.54734802246094
2023-10-12T00:00:00.000,140.2899932861328,137.71966552734375
2023-10-13T00:00:00.000,138.5800018310547,137.76171875
2023-10-16T00:00:00.000,140.49000549316406,136.7338409423828
2023-10-17T00:00:00.000,140.99000549316406,136.87216186523438
2023-10-18T00:00:00.000,139.27999877929688,137.43792724609375
2023-10-19T00:00:00.000,138.97999572753906,137.0695343017578
2023-10-20T00:00:00.000,136.74000549316406,136.58145141601562
2023-10-23T00:00:00.000,137.89999389648438,135.259033203125
2023-10-24T00:00:00.000,140.1199951171875,134.989013671875
2023-10-25T00:00:00.000,126.66999816894531,136.1525115966797
2023-10-26T00:00:00.000,123.44000244140625,130.77784729003906
2023-10-27T00:00:00.000,123.4000015258789,125.2042465209961
2023-10-30T00:00:00.000,125.75,122.24088287353516
2023-10-31T00:00:00.000,125.30000305175781,122.53681945800781
2023-11-01T00:00:00.000,127.56999969482422,123.40584564208984
2023-11-02T00:00:00.000,128.5800018310547,125.17162322998047
2023-11-03T00:00:00.000,130.3699951171875,126.72603607177734
2023-11-06T00:00:00.000,131.4499969482422,128.2241973876953
2023-11-07T00:00:00.000,132.39999389648438,129.34182739257812
2023-11-08T00:00:00.000,133.25999450683594,130.13674926757812
2023-11-09T00:00:00.000,131.69000244140625,130.75503540039062
2023-11-10T00:00:00.000,134.05999755859375,130.20773315429688
2023-11-13T00:00:00.000,133.63999938964844,130.7425994873047
2023-11-14T00:00:00.000,135.42999267578125,131.02284240722656
2023-11-15T00:00:00.000,136.3800048828125,131.98272705078125
2023-11-16T00:00:00.000,138.6999969482422,133.07138061523438
2023-11-17T00:00:00.000,136.94000244140625,134.7569122314453
2023-11-20T00:00:00.000,137.9199981689453,134.89285278320312
2023-11-21T00:00:00.000,138.6199951171875,135.07305908203125
2023-11-22T00:00:00.000,140.02000427246094,135.4541015625
2023-11-24T00:00:00.000,138.22000122070312,136.35020446777344
2023-11-27T00:00:00.000,138.0500030517578,136.07530212402344
2023-11-28T00:00:00.000,138.6199951171875,135.62355041503906
2023-11-29T00:00:00.000,136.39999389648438,135.61825561523438
2023-11-30T00:00:00.000,133.9199981689453,134.68832397460938
2023-12-01T00:00:00.000,133.32000732421875,132.89712524414062
2023-12-04T00:00:00.000,130.6300048828125,131.55010986328125
2023-12-05T00:00:00.000,132.38999938964844,129.74501037597656
2023-12-06T00:00:00.000,131.42999267578125,129.63461303710938
2023-12-07T00:00:00.000,138.4499969482422,129.5545654296875
2023-12-08T00:00:00.000,136.63999938964844,132.8964080810547
2023-12-11T00:00:00.000,134.6999969482422,134.4715118408203
2023-12-12T00:00:00.000,133.63999938964844,133.9632110595703
2023-12-13T00:00:00.000,133.97000122070312,132.6240692138672
2023-12-14T00:00:00.000,133.1999969482422,131.81130981445312
2023-12-15T00:00:00.000,133.83999633789062,131.1259002685547
2023-12-18T00:00:00.000,137.19000244140625,131.1478729248047
2023-12-19T00:00:00.000,138.10000610351562,132.9324188232422
2023-12-20T00:00:00.000,139.66000366210938,134.68223571777344
2023-12-21T00:00:00.000,141.8000030517578,136.30796813964844
2023-12-22T00:00:00.000,142.72000122070312,138.0518341064453
2023-12-26T00:00:00.000,142.82000732421875,139.3085174560547
2023-12-27T00:00:00.000,141.44000244140625,139.80770874023438
2023-12-28T00:00:00.000,141.27999877929688,139.17433166503906
2023-12-29T00:00:00.000,140.92999267578125,138.498046875
2024-01-02T00:00:00.000,139.55999755859375,137.97686767578125
2024-01-03T00:00:00.000,140.36000061035156,137.1495361328125
2024-01-04T00:00:00.000,138.0399932861328,137.1129608154297
2024-01-05T00:00:00.000,137.38999938964844,136.22499084472656
2024-01-08T00:00:00.000,140.52999877929688,135.35643005371094
2024-01-09T00:00:00.000,142.55999755859375,136.4306182861328
2024-01-10T00:00:00.000,143.8000030517578,138.38148498535156
2024-01-11T00:00:00.000,143.6699981689453,140.173095703125
2024-01-12T00:00:00.000,144.2400054931641,140.94264221191406
2024-01-16T00:00:00.000,144.0800018310547,141.29852294921875
2024-01-17T00:00:00.000,142.88999938964844,141.2202911376953
2024-01-18T00:00:00.000,144.99000549316406,140.4752197265625
2024-01-19T00:00:00.000,147.97000122070312,140.9398956298828
2024-01-22T00:00:00.000,147.7100067138672,142.84988403320312
2024-01-23T00:00:00.000,148.67999267578125,144.02880859375
2024-01-24T00:00:00.000,150.35000610351562,144.94149780273438
2024-01-25T00:00:00.000,153.63999938964847,146.08348083496094
2024-01-26T00:00:00.000,153.7899932861328,148.22056579589844
2024-01-29T00:00:00.000,154.83999633789062,149.52383422851562
2024-01-30T00:00:00.000,153.0500030517578,150.46884155273438
2024-01-31T00:00:00.000,141.8000030517578,149.943115234375
2024-02-01T00:00:00.000,142.7100067138672,144.0083465576172
2024-02-02T00:00:00.000,143.5399932861328,140.36727905273438
2024-02-05T00:00:00.000,144.92999267578125,139.43740844726562
2024-02-06T00:00:00.000,145.41000366210938,140.44839477539062
2024-02-07T00:00:00.000,146.67999267578125,141.80967712402344
2024-02-08T00:00:00.000,147.22000122070312,143.26434326171875
2024-02-09T00:00:00.000,150.22000122070315,144.23826599121094
2024-02-12T00:00:00.000,148.72999572753906,145.9640655517578
2024-02-13T00:00:00.000,146.36999511718753,146.1590118408203
2024-02-14T00:00:00.000,147.13999938964844,144.73495483398438
2024-02-15T00:00:00.000,143.94000244140625,143.95867919921875
2024-02-16T00:00:00.000,141.75999450683594,142.14852905273438
2024-02-20T00:00:00.000,142.1999969482422,140.04937744140625
2024-02-21T00:00:00.000,143.83999633789062,139.1957550048828
2024-02-22T00:00:00.000,145.32000732421875,139.88922119140625
2024-02-23T00:00:00.000,145.2899932861328,141.36370849609375
2024-02-26T00:00:00.000,138.75,142.30404663085938
2024-02-27T00:00:00.000,140.10000610351562,139.54563903808594
2024-02-28T00:00:00.000,137.42999267578125,137.95899963378906
2024-02-29T00:00:00.000,139.77999877929688,136.06605529785156
2024-03-01T00:00:00.000,138.0800018310547,136.22215270996094
2024-03-04T00:00:00.000,134.1999969482422,135.99203491210938
2024-03-05T00:00:00.000,133.77999877929688,134.0442352294922
2024-03-06T00:00:00.000,132.55999755859375,132.50205993652344
2024-03-07T00:00:00.000,135.24000549316406,131.2183380126953
2024-03-08T00:00:00.000,136.2899932861328,131.92300415039062
2024-03-11T00:00:00.000,138.94000244140625,133.238525390625
2024-03-12T00:00:00.000,139.6199951171875,135.31617736816406
2024-03-13T00:00:00.000,140.77000427246094,136.80368041992188
2024-03-14T00:00:00.000,144.33999633789062,137.88719177246094
2024-03-15T00:00:00.000,142.1699981689453,139.91722106933594
2024-03-18T00:00:00.000,148.47999572753906,140.00601196289062
2024-03-19T00:00:00.000,147.9199981689453,142.57151794433594
2024-03-20T00:00:00.000,149.67999267578125,144.01943969726562
2024-03-21T00:00:00.000,148.74000549316406,145.3423309326172
2024-03-22T00:00:00.000,151.77000427246094,145.45883178710938
2024-03-25T00:00:00.000,151.14999389648438,146.66995239257812
2024-03-26T00:00:00.000,151.6999969482422,147.17449951171875
2024-03-27T00:00:00.000,151.94000244140628,147.57032775878906
2024-03-28T00:00:00.000,152.25999450683594,147.859375
2024-04-01T00:00:00.000,156.5,148.15179443359375
2024-04-02T00:00:00.000,155.8699951171875,150.34332275390625
2024-04-03T00:00:00.000,156.3699951171875,151.53749084472656
2024-04-04T00:00:00.000,151.94000244140628,152.1893310546875
2024-04-05T00:00:00.000,153.94000244140625,150.23646545410156
2024-04-08T00:00:00.000,156.13999938964844,149.66200256347656
2024-04-09T00:00:00.000,158.13999938964844,150.68719482421875
2024-04-10T00:00:00.000,157.66000366210938,152.56578063964844
2024-04-11T00:00:00.000,160.7899932861328,153.5039825439453
2024-04-12T00:00:00.000,159.19000244140625,155.27235412597656
2024-04-15T00:00:00.000,156.3300018310547,155.47816467285156
2024-04-16T00:00:00.000,156,153.85926818847656
2024-04-17T00:00:00.000,156.8800048828125,152.4720916748047
2024-04-18T00:00:00.000,157.4600067138672,152.239501953125
2024-04-19T00:00:00.000,155.72000122070312,152.70925903320312
2024-04-22T00:00:00.000,157.9499969482422,152.34393310546875
2024-04-23T00:00:00.000,159.9199981689453,153.11053466796875
2024-04-24T00:00:00.000,161.10000610351562,154.6570587158203
2024-04-25T00:00:00.000,157.9499969482422,156.15321350097656
2024-04-26T00:00:00.000,173.69000244140625,155.34275817871094
2024-04-29T00:00:00.000,167.89999389648438,161.97242736816406
2024-04-30T00:00:00.000,164.63999938964844,163.8080596923828
2024-05-01T00:00:00.000,165.57000732421875,162.21893310546875
2024-05-02T00:00:00.000,168.4600067138672,160.97703552246094
2024-05-03T00:00:00.000,168.99000549316406,161.7005615234375
2024-05-06T00:00:00.000,169.8300018310547,162.74977111816406
2024-05-07T00:00:00.000,172.97999572753906,163.8323974609375
2024-05-08T00:00:00.000,171.16000366210938,165.91860961914062
2024-05-09T00:00:00.000,171.5800018310547,166.2470703125
2024-05-10T00:00:00.000,170.2899932861328,166.25172424316406
2024-05-13T00:00:00.000,170.89999389648438,165.502197265625
2024-05-14T00:00:00.000,171.92999267578125,165.27618408203125
2024-05-15T00:00:00.000,173.8800048828125,165.7814178466797
2024-05-16T00:00:00.000,175.42999267578125,167.1650390625
2024-05-17T00:00:00.000,177.2899932861328,168.7964324951172
2024-05-20T00:00:00.000,178.4600067138672,170.53668212890625
2024-05-21T00:00:00.000,179.5399932861328,171.91677856445312
2024-05-22T00:00:00.000,178,172.9632110595703
2024-05-23T00:00:00.000,175.05999755859378,172.5790557861328
2024-05-24T00:00:00.000,176.3300018310547,170.64495849609375
2024-05-28T00:00:00.000,178.02000427246094,169.99151611328125
2024-05-29T00:00:00.000,177.39999389648438,170.7627716064453
2024-05-30T00:00:00.000,173.55999755859375,171.22183227539062
2024-05-31T00:00:00.000,173.9600067138672,169.61766052246094
2024-06-03T00:00:00.000,174.4199981689453,168.65341186523438
2024-06-04T00:00:00.000,175.1300048828125,168.51979064941406
2024-06-05T00:00:00.000,177.07000732421875,169.02244567871094
2024-06-06T00:00:00.000,178.35000610351562,170.38015747070312
2024-06-07T00:00:00.000,175.9499969482422,171.83291625976562
2024-06-10T00:00:00.000,176.6300048828125,171.3691864013672
2024-06-11T00:00:00.000,178.19000244140625,171.0399932861328
2024-06-12T00:00:00.000,179.55999755859375,171.56991577148438
2024-06-13T00:00:00.000,176.74000549316406,172.6407470703125
2024-06-14T00:00:00.000,178.3699951171875,171.9121856689453
2024-06-17T00:00:00.000,178.77999877929688,171.9976348876953
2024-06-18T00:00:00.000,176.4499969482422,172.34840393066406
2024-06-20T00:00:00.000,177.7100067138672,171.47113037109375
2024-06-21T00:00:00.000,180.2599945068359,171.43711853027344
2024-06-24T00:00:00.000,180.7899932861328,172.80612182617188
2024-06-25T00:00:00.000,185.5800018310547,174.0269775390625
2024-06-26T00:00:00.000,185.3699951171875,176.91815185546875
2024-06-27T00:00:00.000,186.86000061035156,178.4601287841797
2024-06-28T00:00:00.000,183.4199981689453,179.6013946533203
2024-07-01T00:00:00.000,184.49000549316406,178.27072143554688
2024-07-02T00:00:00.000,186.6100006103516,177.6031494140625
2024-07-03T00:00:00.000,187.38999938964844,178.3745880126953
2024-07-05T00:00:00.000,191.9600067138672,179.4542236328125
2024-07-08T00:00:00.000,190.4799957275391,182.3144073486328
2024-07-09T00:00:00.000,190.44000244140625,183.29550170898438
2024-07-10T00:00:00.000,192.66000366210938,183.3740997314453
2024-07-11T00:00:00.000,187.3000030517578,184.20677185058594
2024-07-12T00:00:00.000,186.77999877929688,182.08734130859375
2024-07-15T00:00:00.000,188.19000244140625,180.2938995361328
2024-07-16T00:00:00.000,185.5,180.16860961914062
2024-07-17T00:00:00.000,182.6199951171875,179.22935485839844
2024-07-18T00:00:00.000,179.22000122070312,177.37286376953125
2024-07-19T00:00:00.000,179.38999938964844,174.73272705078125
2024-07-22T00:00:00.000,183.35000610351562,173.4626922607422
2024-07-23T00:00:00.000,183.60000610351562,175.1099090576172
2024-07-24T00:00:00.000,174.3699951171875,176.6915740966797
2024-07-25T00:00:00.000,169.16000366210938,173.0532989501953
2024-07-26T00:00:00.000,168.67999267578125,167.75636291503906
2024-07-29T00:00:00.000,171.1300048828125,164.5257568359375
2024-07-30T00:00:00.000,171.86000061035156,164.61154174804688
2024-07-31T00:00:00.000,173.14999389648438,165.8607635498047
2024-08-01T00:00:00.000,172.4499969482422,167.47943115234375
2024-08-02T00:00:00.000,168.39999389648438,168.00242614746094
2024-08-05T00:00:00.000,160.63999938964844,166.00283813476562
2024-08-06T00:00:00.000,160.53999328613278,160.69345092773438
2024-08-07T00:00:00.000,160.75,157.31253051757812
2024-08-08T00:00:00.000,163.83999633789062,156.1448211669922
2024-08-09T00:00:00.000,165.38999938964844,157.68240356445312
2024-08-12T00:00:00.000,163.9499969482422,159.8814239501953
2024-08-13T00:00:00.000,165.92999267578125,160.4595489501953
2024-08-14T00:00:00.000,162.02999877929688,161.29312133789062
2024-08-15T00:00:00.000,163.1699981689453,159.72421264648438
2024-08-16T00:00:00.000,164.74000549316406,158.93202209472656
2024-08-19T00:00:00.000,168.39999389648438,159.3577117919922
2024-08-20T00:00:00.000,168.9600067138672,161.58578491210938
2024-08-21T00:00:00.000,167.6300048828125,163.32667541503906
2024-08-22T00:00:00.000,165.49000549316406,163.4304656982422
2024-08-23T00:00:00.000,167.42999267578125,162.0440216064453
2024-08-26T00:00:00.000,167.92999267578125,161.91502380371094
2024-08-27T00:00:00.000,166.3800048828125,162.31085205078125
2024-08-28T00:00:00.000,164.5,161.92318725585938
2024-08-29T00:00:00.000,163.39999389648438,160.7180938720703
2024-08-30T00:00:00.000,165.11000061035156,159.45094299316406
2024-09-03T00:00:00.000,158.61000061035156,159.66439819335938
2024-09-04T00:00:00.000,157.80999755859375,157.0067901611328
2024-09-05T00:00:00.000,158.60000610351562,154.830322265625
2024-09-06T00:00:00.000,152.1300048828125,154.23472595214844
2024-09-09T00:00:00.000,149.5399932861328,151.26466369628906
2024-09-10T00:00:00.000,150.00999450683594,148.1919708251953
2024-09-11T00:00:00.000,152.14999389648438,146.89402770996094
2024-09-12T00:00:00.000,155.5399932861328,147.71664428710938
2024-09-13T00:00:00.000,158.36999511718753,150.2803192138672
2024-09-16T00:00:00.000,158.99000549316406,153.2933349609375
2024-09-17T00:00:00.000,160.27999877929688,155.09869384765625
2024-09-18T00:00:00.000,160.80999755859375,156.19970703125
2024-09-19T00:00:00.000,163.24000549316406,156.65310668945312
2024-09-20T00:00:00.000,164.63999938964844,157.76158142089844
2024-09-23T00:00:00.000,163.07000732421875,159.01524353027344
2024-09-24T00:00:00.000,163.63999938964844,158.87332153320312
2024-09-25T00:00:00.000,162.99000549316406,158.7732696533203
2024-09-26T00:00:00.000,163.8300018310547,158.3905792236328
2024-09-27T00:00:00.000,165.2899932861328,158.57791137695312
2024-09-30T00:00:00.000,167.19000244140625,159.52325439453125
2024-10-01T00:00:00.000,168.4199981689453,161.1011199951172
2024-10-02T00:00:00.000,167.30999755859375,162.61660766601562
2024-10-03T00:00:00.000,167.2100067138672,162.79798889160156
2024-10-04T00:00:00.000,168.55999755859375,162.52749633789062
2024-10-07T00:00:00.000,164.3899993896484,162.89376831054688
2024-10-08T00:00:00.000,165.69999694824216,161.1854248046875
2024-10-09T00:00:00.000,163.05999755859378,160.6048126220703
2024-10-10T00:00:00.000,163.17999267578125,159.28512573242188
2024-10-11T00:00:00.000,164.52000427246094,158.64199829101562
2024-10-14T00:00:00.000,166.35000610351562,159.1604766845703
2024-10-15T00:00:00.000,166.89999389648438,160.5952606201172
2024-10-16T00:00:00.000,166.74000549316406,161.7848358154297
2024-10-17T00:00:00.000,164.50999450683594,162.22508239746094
2024-10-18T00:00:00.000,165.0500030517578,161.1517791748047
2024-10-21T00:00:00.000,165.8000030517578,160.5152587890625
2024-10-22T00:00:00.000,166.82000732421875,160.6032257080078
2024-10-23T00:00:00.000,164.47999572753906,161.30801391601562
2024-10-24T00:00:00.000,164.52999877929688,160.6879425048828
2024-10-25T00:00:00.000,166.99000549316403,160.1638641357422
