Date,Actual Price,LSTM Prediction,SimpleRNN Prediction
2018-12-10,51.85016632080078,51.897823,50.10914
2018-12-11,52.458675384521484,51.599712,50.69936
2018-12-12,53.05370712280274,51.89046,51.396713
2018-12-13,52.96492767333984,52.45345,51.70872
2018-12-14,51.977352142333984,52.727203,52.10968
2018-12-17,50.70198440551758,52.306507,50.555153
2018-12-18,51.30949401855469,51.344673,50.451195
2018-12-19,51.02519226074219,51.081768,49.73566
2018-12-20,50.34685516357422,50.944416,49.15759
2018-12-21,48.85701370239258,50.59333,49.466248
2018-12-24,48.69142532348633,49.6794,47.800827
2018-12-26,51.84567642211914,49.078045,47.32565
2018-12-27,52.06613540649414,50.38032,51.16068
2018-12-28,51.726966857910156,51.41504,51.08092
2018-12-31,51.653644561767585,51.663403,51.239384
2019-01-02,52.164390563964844,51.544937,50.413418
2019-01-03,50.67854309082031,51.615456,51.57444
2019-01-04,53.404346466064446,50.932384,49.77991
2019-01-07,53.28863143920898,51.81184,52.01177
2019-01-08,53.68216323852539,52.438892,53.42808
2019-01-09,53.60136413574219,52.900166,52.824463
2019-01-10,53.38539505004883,53.039127,52.6492
2019-01-11,52.73000717163086,52.935856,51.80381
2019-01-14,52.106536865234375,52.53048,51.893627
2019-01-15,53.725555419921875,52.006897,50.6099
2019-01-16,53.91609191894532,52.56012,53.018436
2019-01-17,54.36149597167969,53.125584,52.83355
2019-01-18,54.778472900390625,53.6326,53.630264
2019-01-22,53.394874572753906,54.05464,53.87978
2019-01-23,53.64675521850587,53.548027,52.476536
2019-01-24,53.563457489013665,53.267986,51.9898
2019-01-25,54.415863037109375,53.136066,52.437668
2019-01-28,53.37292480468751,53.53874,53.77619
2019-01-29,52.901081085205085,53.333275,52.569
2019-01-30,54.31959915161133,52.923912,51.63137
2019-01-31,55.68175506591797,53.390846,53.407135
2019-02-01,55.40144348144531,54.42225,54.53107
2019-02-04,56.501243591308594,54.860653,54.923607
2019-02-05,57.15913009643554,55.478092,56.243156
2019-02-06,55.62489700317383,56.07736,56.05604
2019-02-07,54.800918579101555,55.58513,54.41101
2019-02-08,54.61886215209961,54.768726,52.938038
2019-02-11,54.616371154785156,54.26034,53.27897
2019-02-12,55.9311408996582,54.121273,53.983585
2019-02-13,55.87078857421875,54.814148,55.177002
2019-02-14,55.94610595703126,55.283573,54.981438
2019-02-15,55.54608535766602,55.51136,54.455994
2019-02-19,55.79098892211914,55.36268,54.565067
2019-02-20,55.55356979370117,55.328625,54.33182
2019-02-21,54.71413040161133,55.20544,54.10817
2019-02-22,55.38249206542969,54.730587,53.909264
2019-02-25,55.33411026000976,54.78687,54.447823
2019-02-26,55.61990737915038,54.891502,54.004158
2019-02-27,55.66579818725587,55.10333,54.489845
2019-02-28,55.85881805419921,55.243088,54.336113
2019-03-01,56.90974044799805,55.382607,54.981007
2019-03-04,57.24940490722656,55.945297,56.307514
2019-03-05,57.95916748046875,56.42791,56.271748
2019-03-06,57.75117492675781,56.969242,57.03628
2019-03-07,57.024959564208984,57.108772,56.491924
2019-03-08,56.97607803344726,56.741394,55.833225
2019-03-11,58.643978118896484,56.46219,55.732628
2019-03-12,59.51384353637695,57.17488,57.505135
2019-03-13,59.51982879638672,58.12057,58.85492
2019-03-14,59.13228225708008,58.619736,58.717285
2019-03-15,59.07791137695313,58.582226,57.460426
2019-03-18,59.06793975830078,58.436024,57.794422
2019-03-19,59.795654296875,58.34668,57.902744
2019-03-20,61.04857635498046,58.690147,58.69591
2019-03-21,61.42614746093751,59.55717,60.39346
2019-03-22,60.12733840942382,60.247055,60.8152
2019-03-25,59.503868103027344,59.90805,58.719154
2019-03-26,59.08589553833008,59.273006,57.230083
2019-03-27,58.50731658935547,58.73174,57.471077
2019-03-28,58.281368255615234,58.250736,57.217205
2019-03-29,58.52178192138672,57.977562,56.925816
2019-04-01,59.5751953125,58.04544,57.185177
2019-04-02,59.877456665039055,58.67216,58.231693
2019-04-03,60.14828872680664,59.203743,58.855053
2019-04-04,60.601173400878906,59.544518,59.12292
2019-04-05,60.20963287353516,59.850452,59.366642
2019-04-08,60.04454421997071,59.757446,59.056236
2019-04-09,59.71584701538086,59.545998,58.942814
2019-04-10,59.960750579833984,59.26239,58.243736
2019-04-11,60.08344268798828,59.252003,58.337494
2019-04-12,60.74432373046875,59.37422,58.726585
2019-04-15,60.90542984008789,59.796104,59.72137
2019-04-16,61.2061882019043,60.12782,59.917294
2019-04-17,61.66556167602539,60.41035,59.938503
2019-04-18,61.66705703735352,60.743065,60.49017
2019-04-22,62.28902816772461,60.89268,60.295235
2019-04-23,63.07260513305664,61.22641,60.593452
2019-04-24,62.6461524963379,61.786793,61.846306
2019-04-25,63.01774215698242,61.87564,61.716576
2019-04-26,63.45317459106445,62.023182,61.975437
2019-04-29,64.22128295898438,62.314194,62.177147
2019-04-30,59.27842330932617,62.857834,62.847862
2019-05-01,58.26091766357422,60.762726,57.438156
2019-05-02,57.98809432983399,58.902527,55.76593
2019-05-03,59.12479782104493,57.98642,56.11811
2019-05-06,59.32381439208985,58.360695,57.753654
2019-05-07,58.561187744140625,58.917362,58.37808
2019-05-08,58.1706428527832,58.854553,56.71574
2019-05-09,57.976619720458984,58.496086,57.011112
2019-05-10,58.0708885192871,58.12768,56.083344
2019-05-13,56.46284103393555,57.954903,56.475056
2019-05-14,55.8847541809082,57.097282,54.85778
2019-05-15,58.06789398193359,56.291996,54.595905
2019-05-16,58.80458831787109,56.9789,56.978664
2019-05-17,57.972633361816406,57.90156,57.657963
2019-05-20,56.80300140380859,57.951977,56.62241
2019-05-21,57.340679168701165,57.218445,55.596897
2019-05-22,57.429962158203125,56.96235,56.1598
2019-05-23,56.89876556396484,56.946217,56.189663
2019-05-24,56.53466033935546,56.730007,54.87958
2019-05-28,56.56857681274413,56.429543,55.093884
2019-05-29,55.68624496459961,56.297215,55.378517
2019-05-30,55.76055908203124,55.840523,54.017063
2019-05-31,55.04631805419922,55.617218,54.128162
2019-06-03,51.684574127197266,55.20696,53.217937
2019-06-04,52.52350997924804,53.36127,50.40621
2019-06-05,51.983341217041016,52.678486,50.947945
2019-06-06,52.08907699584961,52.3053,49.862297
2019-06-07,53.1714210510254,52.266376,50.331013
2019-06-10,53.88666534423828,52.828846,52.18264
2019-06-11,53.8038673400879,53.507317,53.27703
2019-06-12,53.71957778930664,53.746193,53.297813
2019-06-13,54.30513381958007,53.67127,51.898666
2019-06-14,54.13455581665039,53.80253,53.002457
2019-06-17,54.49117660522461,53.774193,52.814266
2019-06-18,55.04481887817383,53.891468,53.853893
2019-06-19,54.981475830078125,54.2336,54.09895
2019-06-20,55.43486404418946,54.40247,53.835793
2019-06-21,55.95658493041992,54.67578,54.639397
2019-06-24,55.63935852050781,55.07336,55.135498
2019-06-25,54.18443298339844,55.12697,54.575726
2019-06-26,53.85773849487304,54.392574,52.591934
2019-06-27,53.66869735717774,53.771297,51.957745
2019-06-28,53.91310119628906,53.433407,52.664215
2019-07-01,54.76300811767578,53.48397,52.614586
2019-07-02,55.42638397216797,54.019928,53.486164
2019-07-03,55.94161605834961,54.68532,54.30308
2019-07-05,56.44088745117187,55.253178,55.008854
2019-07-08,55.68075942993163,55.70841,55.65511
2019-07-09,56.103721618652344,55.49245,54.801044
2019-07-10,56.884300231933594,55.458996,54.650986
2019-07-11,57.070343017578125,55.842915,55.87757
2019-07-12,57.104759216308594,56.19355,56.579185
2019-07-15,57.376094818115234,56.383144,56.041004
2019-07-16,57.5376968383789,56.584244,55.85989
2019-07-17,57.177082061767585,56.764637,56.721104
2019-07-18,57.17608642578126,56.680103,55.946938
2019-07-19,56.366573333740234,56.60982,55.67987
2019-07-22,56.76409912109375,56.202625,55.08219
2019-07-23,57.17010116577148,56.17463,55.511703
2019-07-24,56.75112533569336,56.444324,56.01797
2019-07-25,56.46732330322265,56.437546,55.755592
2019-07-26,62.36733627319337,56.26013,55.17383
2019-07-29,61.81868743896485,59.014294,61.553837
2019-07-30,61.10692977905274,60.48189,61.95475
2019-07-31,60.68496704101563,60.57009,60.362907
2019-08-01,60.30241012573242,60.10164,58.956966
2019-08-02,59.5532455444336,59.570236,58.68486
2019-08-05,57.47485351562501,58.976017,58.944805
2019-08-06,58.35419464111328,57.749805,55.168045
2019-08-07,58.55569839477539,57.589046,57.380928
2019-08-08,60.09242248535156,57.86449,57.473495
2019-08-09,59.254981994628906,58.87525,59.232616
2019-08-12,58.591609954833984,59.069805,57.58868
2019-08-13,59.71684646606445,58.68181,57.127357
2019-08-14,58.0718879699707,58.90938,58.94165
2019-08-15,58.22002410888671,58.289043,56.62115
2019-08-16,58.735759735107415,57.93361,56.93459
2019-08-19,59.77570343017578,58.062992,57.137867
2019-08-20,58.98963165283203,58.72359,58.907024
2019-08-21,59.416584014892585,58.740723,58.641537
2019-08-22,59.33079528808594,58.841053,57.510563
2019-08-23,57.42347717285156,58.835693,58.191467
2019-08-26,58.30131912231445,57.87986,56.676636
2019-08-27,58.24895095825195,57.709713,56.651287
2019-08-28,58.407562255859375,57.7459,56.854305
2019-08-29,59.49638748168945,57.90248,57.257233
2019-08-30,59.25946807861328,58.533676,58.69187
2019-09-03,58.27638244628906,58.779446,58.134842
2019-09-04,58.92578887939453,58.332676,57.26721
2019-09-05,60.42061614990234,58.302067,57.235744
2019-09-06,60.09890365600586,59.06942,59.10555
2019-09-09,60.07297134399415,59.401543,59.373062
2019-09-10,60.15227508544921,59.46908,58.747704
2019-09-11,60.85903930664062,59.47904,59.415337
2019-09-12,61.56132125854492,59.81115,60.20459
2019-09-13,61.82616424560547,60.362568,60.308327
2019-09-16,61.41417694091797,60.788624,60.85887
2019-09-17,61.30694198608398,60.765324,60.601032
2019-09-18,61.469539642333984,60.627937,59.884537
2019-09-19,61.78377151489258,60.631264,59.73259
2019-09-20,61.34584426879883,60.828938,60.665497
2019-09-23,61.55034255981445,60.764088,60.45527
2019-09-24,60.78871154785156,60.812172,60.32971
2019-09-25,62.17331314086914,60.49614,59.730152
2019-09-26,61.917442321777344,60.97985,60.813095
2019-09-27,61.10443878173828,61.21716,60.835224
2019-09-30,60.80068588256836,60.900776,59.929596
2019-10-01,60.10738754272461,60.511765,59.160725
2019-10-02,58.687374114990234,59.983356,58.43903
2019-10-03,59.24599838256836,59.043694,57.33364
2019-10-04,60.301910400390625,58.83908,57.641476
2019-10-07,60.23606872558594,59.403282,59.014847
2019-10-08,59.310844421386726,59.776733,59.2311
2019-10-09,59.9682273864746,59.45834,58.220524
2019-10-10,60.28544998168945,59.48245,58.21877
2019-10-11,60.62361907958985,59.66891,59.341763
2019-10-14,60.70791244506836,59.928795,59.683537
2019-10-15,61.99824523925781,60.085045,59.614452
2019-10-16,62.029666900634766,60.75048,60.744335
2019-10-17,62.500011444091804,61.137436,61.075718
2019-10-18,62.121940612792976,61.48513,61.368473
2019-10-21,62.15485763549805,61.436928,61.073357
2019-10-22,61.98776626586915,61.361027,60.86188
2019-10-23,62.8022689819336,61.247055,60.317486
2019-10-24,62.895038604736335,61.606846,61.392258
2019-10-25,63.10153579711913,61.919563,61.731663
2019-10-28,64.34198760986328,62.17752,61.56378
2019-10-29,62.97634124755859,62.89663,63.292015
2019-10-30,62.910003662109375,62.636147,61.56232
2019-10-31,62.85114669799804,62.32667,61.52829
2019-11-01,63.53097915649414,62.146645,61.184532
2019-11-04,64.41031646728516,62.437847,62.22159
2019-11-05,64.4432373046875,63.102154,63.33248
2019-11-06,64.4317626953125,63.49954,62.871845
2019-11-07,65.28267669677734,63.63046,63.461006
2019-11-08,65.40786743164062,64.0459,63.94222
2019-11-11,64.80036163330078,64.33201,64.44241
2019-11-12,64.78091430664062,64.14613,63.66354
2019-11-13,64.74101257324219,63.97804,63.36591
2019-11-14,65.41236114501953,63.896217,63.10518
2019-11-15,66.57998657226562,64.22492,64.08463
2019-11-18,65.87322998046875,65.034325,65.38604
2019-11-19,65.61186981201172,65.151306,64.84718
2019-11-20,64.99288177490234,64.96441,64.13078
2019-11-21,64.90809631347656,64.51653,63.546616
2019-11-22,64.60833740234375,64.23486,63.06616
2019-11-25,65.17444610595703,64.00918,63.19077
2019-11-26,65.5166015625,64.22099,63.683468
2019-11-27,65.4886703491211,64.57712,64.39343
2019-11-29,65.0881576538086,64.75902,64.23631
2019-12-02,64.33799743652344,64.61034,63.695885
2019-12-03,64.60533905029297,64.10833,62.50548
2019-12-04,65.86524963378906,63.943306,63.237843
2019-12-05,66.24381256103516,64.53926,64.63194
2019-12-06,66.86678314208984,65.12937,64.95156
2019-12-09,67.01343536376953,65.69926,65.67555
2019-12-10,67.06829071044922,66.002304,65.86593
2019-12-11,67.08625030517578,66.09602,65.799614
2019-12-12,67.34810638427734,66.09327,65.84627
2019-12-13,67.22640991210938,66.200264,65.69351
2019-12-16,67.89176940917969,66.21895,65.87393
2019-12-17,67.59000396728516,66.55721,66.73868
2019-12-18,67.46531677246094,66.63404,66.40982
2019-12-19,67.63590240478516,66.5841,65.85305
2019-12-20,67.31419372558594,66.6337,66.17841
2019-12-23,67.27677917480469,66.528206,66.00692
2019-12-24,67.01343536376953,66.452545,66.09708
2019-12-26,67.85336303710938,66.30776,65.31684
2019-12-27,67.42890167236328,66.6534,66.26222
2019-12-30,66.6433334350586,66.6918,66.05667
2019-12-31,66.68722534179688,66.28376,65.25456
2020-01-02,68.20101165771484,66.0431,65.09903
2020-01-03,67.86632537841797,66.69789,66.975136
2020-01-06,69.53972625732422,66.98439,66.97274
2020-01-07,69.49633026123047,67.87105,68.11317
2020-01-08,70.04399108886719,68.32318,68.46977
2020-01-09,70.81758117675781,68.70179,68.656975
2020-01-10,71.3113784790039,69.20783,69.66475
2020-01-13,71.78520965576172,69.68262,70.224106
2020-01-14,71.36872863769531,70.12057,71.01418
2020-01-15,71.78370666503906,70.113754,69.780876
2020-01-16,72.40718078613281,70.254585,70.45525
2020-01-17,73.83816528320312,70.66523,70.64891
2020-01-21,74.03817749023438,71.62177,72.728966
2020-01-22,74.11548614501953,72.26164,73.08456
2020-01-23,74.15039825439453,72.54914,72.82231
2020-01-24,73.15584564208984,72.6363,72.66733
2020-01-27,71.51936340332031,72.16455,71.3339
2020-01-28,72.45008087158203,71.09119,69.51428
2020-01-29,72.7528305053711,71.00617,70.594376
2020-01-30,72.6136703491211,71.32837,71.29465
2020-01-31,71.53582000732422,71.53194,71.382385
2020-02-03,74.11498260498047,71.105576,69.85885
2020-02-04,72.1762466430664,72.06769,72.32002
2020-02-05,72.2341079711914,71.76158,71.164024
2020-02-06,73.63067626953125,71.446976,70.29593
2020-02-07,73.78031158447266,71.95478,72.26805
2020-02-10,75.24920654296875,72.38173,72.37131
2020-02-11,75.25469207763672,73.277534,74.785934
2020-02-12,75.72752380371094,73.73736,73.52664
2020-02-13,75.54747009277344,74.08402,74.63824
2020-02-14,75.8507308959961,74.10743,74.01329
2020-02-18,75.79735565185547,74.20672,74.298744
2020-02-19,76.14749908447266,74.245056,74.6295
2020-02-20,75.72154235839844,74.44782,74.47473
2020-02-21,74.0735855102539,74.38459,74.23856
2020-02-24,70.90536499023438,73.540924,72.3651
2020-02-25,69.25242614746094,71.5259,68.426506
2020-02-26,69.48834991455078,69.67006,66.51167
2020-02-27,65.74304962158203,69.03555,67.47497
2020-02-28,66.80244445800781,67.206535,63.59478
2020-03-02,69.28534698486328,66.769875,64.26227
2020-03-03,66.90519714355469,68.01528,67.38287
2020-03-04,69.15616607666016,67.683014,65.94796
2020-03-05,65.79043579101562,68.314095,67.391
2020-03-06,64.76145935058594,66.99976,64.101456
2020-03-09,60.62910461425781,65.5109,63.282757
2020-03-10,63.86266326904297,62.731266,58.232933
2020-03-11,60.62162399291992,62.82764,61.467896
2020-03-12,55.608936309814446,61.79189,59.52065
2020-03-13,60.837093353271484,58.753067,52.956512
2020-03-16,54.08367919921874,59.55707,59.560333
2020-03-17,55.85283660888672,57.261097,51.567486
2020-03-18,54.70565032958985,56.56265,54.58179
2020-03-19,55.62788772583008,55.878857,52.266792
2020-03-20,53.48465347290039,55.979187,54.352955
2020-03-23,52.701576232910156,55.050026,52.791622
2020-03-24,56.58403778076172,53.99524,49.214558
2020-03-25,54.98945617675781,55.286263,56.83986
2020-03-26,57.94519805908203,55.43409,53.71079
2020-03-27,55.39944839477538,56.68814,57.394215
2020-03-30,57.200523376464844,56.11453,54.48552
2020-03-31,57.99806594848633,56.347317,55.617016
2020-04-01,55.14556884765624,56.9087,57.3676
2020-04-02,55.90470504760742,55.823,53.77846
2020-04-03,54.75952148437499,55.41528,55.12927
2020-04-06,59.20061492919922,54.791885,52.968792
2020-04-07,59.1801643371582,56.670074,58.35594
2020-04-08,60.365753173828125,57.96936,59.346527
2020-04-09,60.42410659790038,59.05346,58.124146
2020-04-13,60.728858947753906,59.48765,60.285095
2020-04-14,63.306026458740234,59.67446,59.985107
2020-04-15,62.96886062622071,60.941227,61.97716
2020-04-16,63.01873779296875,61.53523,62.692566
2020-04-17,64.00531768798828,61.742397,62.87547
2020-04-20,63.17535400390625,62.26615,63.207977
2020-04-21,60.668010711669915,62.183605,61.59793
2020-04-22,63.005767822265625,60.876427,59.464714
2020-04-23,63.659164428710945,61.26552,61.250523
2020-04-24,63.808795928955085,62.10152,63.11855
2020-04-27,63.63771438598633,62.703865,63.909973
2020-04-28,61.53238296508789,62.882328,61.12435
2020-04-29,66.90967559814453,61.865765,60.11737
2020-04-30,67.26780700683594,63.816113,66.77619
2020-05-01,65.86873626708984,65.36199,66.46809
2020-05-04,66.17747497558594,65.33395,65.66717
2020-05-05,67.38999938964844,65.176186,64.948975
2020-05-06,67.19996643066406,65.6399,66.27127
2020-05-07,68.45987701416016,65.87314,66.35499
2020-05-08,69.24844360351562,66.59072,66.85811
2020-05-11,69.99111938476562,67.40466,69.13535
2020-05-12,68.61849212646484,68.17431,68.86111
2020-05-13,67.30122375488281,67.85682,68.117325
2020-05-14,67.64038848876953,66.90641,65.13212
2020-05-15,68.49130249023438,66.558365,65.64471
2020-05-18,69.02748107910156,66.963295,67.41666
2020-05-19,68.50601196289062,67.59575,67.798805
2020-05-20,70.16368865966797,67.70688,67.11252
2020-05-21,69.96817016601562,68.486946,68.89382
2020-05-22,70.34823608398438,68.83601,69.37728
2020-05-26,70.67742156982422,69.09838,69.0708
2020-05-27,70.71832275390625,69.342026,68.99985
2020-05-28,70.6629638671875,69.46098,69.70164
2020-05-29,71.2709732055664,69.47148,69.91508
2020-06-01,71.41561889648438,69.7668,69.665146
2020-06-02,71.78470611572266,70.03402,70.10379
2020-06-03,71.64305877685547,70.35039,70.76984
2020-06-04,70.43601989746094,70.444336,70.162186
2020-06-05,71.7433090209961,69.87421,68.77459
2020-06-08,72.15330505371094,70.15924,70.95166
2020-06-09,72.629638671875,70.64045,71.05837
2020-06-10,73.11295318603516,71.148445,71.84335
2020-06-11,70.0200424194336,71.621666,71.28682
2020-06-12,70.48589324951172,70.31553,68.75944
2020-06-15,70.8185806274414,69.66635,69.14632
2020-06-16,71.95928192138672,69.64652,69.60183
2020-06-17,72.37825012207031,70.343315,70.5947
2020-06-18,71.62210083007812,71.01008,71.06265
2020-06-19,71.41062927246094,70.93972,70.774956
2020-06-22,72.41516876220703,70.660805,69.941216
2020-06-23,73.04112243652344,70.96112,70.56515
2020-06-24,71.42310333251953,71.48445,72.59237
2020-06-25,71.88994598388672,70.97096,70.39485
2020-06-26,67.82843017578125,70.79999,70.25318
2020-06-29,69.57762908935547,68.79867,65.78247
2020-06-30,70.5073471069336,68.483574,67.35126
2020-07-01,71.7258529663086,69.09491,69.6831
2020-07-02,73.05558776855469,70.17184,70.94036
2020-07-06,74.60179138183594,71.385475,72.2339
2020-07-07,74.07708740234375,72.66066,73.6395
2020-07-08,74.61676025390625,72.912476,73.45609
2020-07-09,75.36441802978516,73.05291,73.017685
2020-07-10,76.89814758300781,73.408875,74.480255
2020-07-13,75.38188171386719,74.343765,75.84624
2020-07-14,75.84274291992188,74.1337,74.9504
2020-07-15,75.49659729003906,74.111336,74.21469
2020-07-16,75.71405792236328,73.983536,73.943756
2020-07-17,75.59185028076172,74.06405,74.297325
2020-07-20,78.09422302246094,74.121346,74.37686
2020-07-21,77.7301025390625,75.40601,76.11045
2020-07-22,78.23237609863281,76.01904,77.25623
2020-07-23,75.59833526611328,76.44124,76.7753
2020-07-24,75.40830993652344,75.292,74.15802
2020-07-27,76.32256317138672,74.43319,73.11293
2020-07-28,74.83322143554688,74.554855,74.28304
2020-07-29,75.91456604003906,74.09814,73.24088
2020-07-30,76.38491821289062,74.38734,75.08173
2020-07-31,73.96635437011719,74.88416,74.586845
2020-08-03,73.5418930053711,73.973145,72.470184
2020-08-04,73.06905364990234,73.126236,71.31893
2020-08-05,73.49999237060547,72.50835,70.74439
2020-08-06,74.82124328613281,72.493484,72.25954
2020-08-07,74.54144287109375,73.24523,73.626495
2020-08-10,74.62174224853516,73.56997,72.93697
2020-08-11,73.83467864990234,73.66235,72.85479
2020-08-12,75.14645385742188,73.233116,71.720436
2020-08-13,75.73650360107422,73.55792,73.11561
2020-08-14,75.20182037353516,74.08669,74.631516
2020-08-17,75.71306610107422,74.09198,74.13236
2020-08-18,77.73908996582031,74.24876,74.2984
2020-08-19,77.18694305419922,75.31421,76.03393
2020-08-20,78.89375305175781,75.6593,75.968506
2020-08-21,78.8274154663086,76.527885,76.85068
2020-08-24,79.21546173095703,76.94111,77.92662
2020-08-25,80.2140121459961,77.23675,77.83507
2020-08-26,82.4166030883789,77.82961,78.36023
2020-08-27,81.51631164550781,79.22255,80.63381
2020-08-28,82.0190658569336,79.5416,80.16438
2020-08-31,81.50883483886719,79.773544,79.91592
2020-09-01,82.83207702636719,79.61142,80.477295
2020-09-02,86.20230865478516,80.15063,80.92919
2020-09-03,81.89089965820312,82.180565,85.69544
2020-09-04,79.35711669921875,81.247086,80.01851
2020-09-08,76.43180084228516,79.17149,77.01942
2020-09-09,77.65728759765625,76.64902,73.23723
2020-09-10,76.41334533691406,76.13132,75.06833
2020-09-11,75.8497314453125,75.73016,74.86323
2020-09-14,75.77790069580078,75.414536,73.84206
2020-09-15,76.88318634033203,75.289955,74.33557
2020-09-16,75.85869598388672,75.79028,74.799774
2020-09-17,74.59330749511719,75.56691,73.89682
2020-09-18,72.82066345214844,74.67502,72.11941
2020-09-21,71.38269805908203,73.235466,71.68062
2020-09-22,73.09349060058594,71.76234,69.80087
2020-09-23,70.58715057373047,71.92356,71.23601
2020-09-24,71.23954010009766,71.05206,68.3257
2020-09-25,72.07100677490234,70.83007,69.841385
2020-09-28,73.0466079711914,71.20636,70.73748
2020-09-29,73.2865219116211,71.915985,72.17985
2020-09-30,73.29999542236328,72.35277,71.41316
2020-10-01,74.32198333740234,72.44121,71.59894
2020-10-02,72.74235534667969,72.84914,73.81905
2020-10-05,74.11898040771484,72.25832,70.91005
2020-10-06,72.49396514892578,72.47984,72.08316
2020-10-07,72.83563232421875,71.90394,70.543915
2020-10-08,74.11448669433594,71.70744,71.95958
2020-10-09,75.57540130615234,72.31709,72.9064
2020-10-12,78.26528930664062,73.45616,74.1103
2020-10-13,78.3914794921875,75.36935,77.19511
2020-10-14,78.21192169189453,76.37878,76.799286
2020-10-15,77.76551818847656,76.54818,77.39393
2020-10-16,78.45781707763672,76.2134,76.621254
2020-10-19,76.54251861572266,76.30245,76.63206
2020-10-20,77.60591888427734,75.50493,75.2607
2020-10-21,79.47032928466797,75.59269,75.64163
2020-10-22,80.56864166259766,76.74128,78.15654
2020-10-23,81.8489990234375,78.021576,79.7635
2020-10-26,79.32768249511719,79.26311,80.68475
2020-10-27,80.01649475097656,78.55879,77.94612
2020-10-28,75.64522552490234,78.24887,78.62239
2020-10-29,78.17002868652344,76.02801,74.03042
2020-10-30,80.85194396972656,76.02198,75.98914
2020-11-02,81.10232543945312,77.73732,79.38037
2020-11-03,82.30836486816406,78.982475,80.518906
2020-11-04,87.24224090576172,80.06793,81.897606
2020-11-05,87.95250701904297,82.871735,85.48202
2020-11-06,87.8717041015625,84.64183,87.736916
2020-11-09,87.93405151367188,85.15028,86.74036
2020-11-10,86.80631256103516,85.12274,86.77658
2020-11-11,87.42080688476562,84.44553,85.60077
2020-11-12,87.27765655517578,84.3912,85.60036
2020-11-13,88.63333129882812,84.4844,85.27627
2020-11-16,88.85079956054688,85.32729,87.750275
2020-11-17,88.2906723022461,86.00951,87.159164
2020-11-18,87.12503814697266,86.07248,86.39677
2020-11-19,87.97993469238281,85.459656,84.43724
2020-11-20,86.8960952758789,85.5178,85.48087
2020-11-23,86.5304946899414,85.143074,85.200294
2020-11-24,88.22732543945312,84.78001,84.67122
2020-11-25,88.3545150756836,85.47841,86.65714
2020-11-27,89.43984985351562,86.03365,86.45122
2020-11-30,87.82132720947266,86.797295,88.47647
2020-12-01,89.68475341796875,86.3485,86.065605
2020-12-02,91.17359161376953,86.84778,87.57102
2020-12-03,91.11473846435547,87.90636,89.59711
2020-12-04,91.17559051513672,88.42826,90.019226
2020-12-07,90.75112915039062,88.594696,89.63688
2020-12-08,90.70474243164062,88.384605,89.149
2020-12-09,88.98796081542969,88.21173,89.36086
2020-12-10,88.54904174804688,87.326675,86.737434
2020-12-11,88.87024688720703,86.6624,85.95138
2020-12-14,87.78740692138672,86.61097,87.03721
2020-12-15,88.17195892333984,86.21477,85.81607
2020-12-16,87.93405151367188,86.223045,86.1579
2020-12-17,87.18090057373047,86.185455,85.65156
2020-12-18,86.33846282958984,85.798485,85.06474
2020-12-21,86.75543975830078,85.15104,85.21055
2020-12-22,85.9638900756836,85.01349,84.61756
2020-12-23,86.40679931640625,84.63667,83.90584
2020-12-24,86.72950744628906,84.65114,84.19322
2020-12-28,88.58694458007812,84.86148,85.10475
2020-12-29,87.72057342529297,85.875435,86.79139
2020-12-30,86.76292419433594,85.98964,85.85548
2020-12-31,87.3794174194336,85.398254,85.27771
2021-01-04,86.20030975341797,85.28124,85.63653
2021-01-05,86.83275604248047,84.7085,84.418144
2021-01-06,86.55194091796875,84.71299,84.977554
2021-01-07,89.1435775756836,84.68244,84.591255
2021-01-08,90.13912963867188,85.95196,87.827644
2021-01-11,88.11959075927734,87.19211,88.7645
2021-01-12,87.11356353759766,86.73033,86.43713
2021-01-13,87.5051040649414,85.73174,84.98035
2021-01-14,86.79584503173828,85.36233,84.67863
2021-01-15,86.59683990478516,84.96976,85.61954
2021-01-19,89.3236312866211,84.75112,84.495445
2021-01-20,94.11387634277344,86.05336,87.683075
2021-01-21,94.33084106445312,89.21664,93.90629
2021-01-22,94.81964111328125,90.969536,93.61385
2021-01-25,94.73734283447267,91.68432,93.21258
2021-01-26,95.62715911865234,91.672844,93.09224
2021-01-27,91.31524658203125,91.91994,94.0258
2021-01-28,92.92728424072266,89.96461,89.778755
2021-01-29,91.56214141845703,89.63635,90.09458
2021-02-01,94.8345947265625,89.15897,89.887436
2021-02-02,96.139404296875,90.66824,93.165726
2021-02-03,103.24993896484375,92.345085,95.123276
2021-02-04,102.86588287353514,96.61176,101.57119
2021-02-05,104.6430206298828,98.58448,102.71538
2021-02-08,104.38913726806642,99.861404,102.90393
2021-02-09,103.92028808593751,100.02136,103.12073
2021-02-10,104.51233673095703,99.624435,100.797295
2021-02-11,104.53777313232422,99.67158,103.36568
2021-02-12,104.94776153564453,99.857864,102.18621
2021-02-16,105.83509063720703,100.288765,103.65687
2021-02-17,106.15480041503906,101.05962,102.90477
2021-02-18,105.60066986083986,101.68538,104.239426
2021-02-19,104.79962921142578,101.71971,103.07299
2021-02-22,102.99107360839845,101.28791,101.99465
2021-02-23,103.28934478759767,100.17856,100.200195
2021-02-24,104.50186157226562,99.79313,101.05001
2021-02-25,101.31917572021484,100.38191,101.8481
2021-02-26,101.593505859375,99.29257,98.76227
2021-03-01,103.8205337524414,98.757195,98.86998
2021-03-02,103.53773498535156,99.69115,101.25178
2021-03-03,101.08724975585938,100.18702,101.44565
2021-03-04,102.20350646972656,99.14109,98.355446
2021-03-05,105.16872406005858,98.9667,99.675255
2021-03-08,100.96056365966798,100.42382,103.50898
2021-03-09,102.3835678100586,99.23508,99.37753
2021-03-10,102.49978637695312,99.030174,99.08179
2021-03-11,105.4794692993164,99.09452,100.31922
2021-03-12,102.84342956542969,100.63423,104.28928
2021-03-15,103.07137298583983,100.22373,100.850876
2021-03-16,104.36968231201172,99.86686,98.832344
2021-03-17,104.29786682128906,100.30517,102.56609
2021-03-18,101.56158447265625,100.573364,101.846275
2021-03-19,101.90973663330078,99.34514,99.72574
2021-03-22,101.67978668212889,98.77525,98.552986
2021-03-23,102.39653778076172,98.52454,99.77454
2021-03-24,102.00250244140625,98.86553,100.29353
2021-03-25,101.96759033203125,98.94079,99.68495
2021-03-26,101.52816009521486,98.92789,98.40238
2021-03-29,102.54566955566408,98.675575,99.334435
2021-03-30,102.52521514892578,99.00766,100.21346
2021-03-31,103.17811584472658,99.20649,100.54615
2021-04-01,106.62564086914062,99.580315,100.08432
2021-04-05,111.0048828125,101.42323,105.88051
2021-04-06,110.96498870849608,104.53006,109.9546
2021-04-07,112.2084426879883,105.963806,109.78691
2021-04-08,112.9945068359375,106.84746,110.17642
2021-04-09,114.01399993896486,107.4079,111.221504
2021-04-12,112.46331787109376,108.04803,112.51183
2021-04-13,113.08578491210938,107.587715,109.97786
2021-04-14,112.46579742431639,107.60152,109.89074
2021-04-15,114.55168151855469,107.45178,110.759094
2021-04-16,114.60654449462889,108.49619,112.09178
2021-04-19,114.83798217773438,109.224846,112.0416
2021-04-20,114.40055084228516,109.672485,112.08968
2021-04-21,114.38359069824219,109.62523,112.116325
2021-04-22,113.11820983886719,109.53425,111.49578
2021-04-23,115.48139953613283,108.886826,110.12261
2021-04-26,116.05199432373047,109.720604,112.46014
2021-04-27,115.07340240478514,110.59244,114.26917
2021-04-28,118.70398712158203,110.52845,112.968956
2021-04-29,121.19686126708983,112.131775,116.33451
2021-04-30,120.21077728271484,114.22129,118.951195
2021-05-03,119.46511840820312,114.66461,118.87031
2021-05-04,117.42413330078125,114.20142,116.23277
2021-05-05,117.5483169555664,112.82645,114.034584
2021-05-06,118.7758102416992,112.19693,114.755196
2021-05-07,119.64068603515625,112.70961,115.85116
2021-05-10,116.79616546630858,113.61842,117.13156
2021-05-11,115.15520477294922,112.75021,114.226456
2021-05-12,111.6797409057617,111.36728,111.78813
2021-05-13,112.8214340209961,109.02099,107.74817
2021-05-14,115.5242919921875,108.50279,108.94462
2021-05-17,115.78614807128905,109.93152,112.42528
2021-05-18,114.88935089111328,111.01574,113.84434
2021-05-19,115.1527099609375,110.98574,112.9533
2021-05-20,117.51589965820312,110.852135,111.368744
2021-05-21,116.96774291992188,111.82963,114.45201
2021-05-24,120.03871154785155,112.065094,115.21896
2021-05-25,120.15840911865234,113.52031,117.91798
2021-05-26,121.37841033935547,114.30043,117.54045
2021-05-27,119.83121490478514,115.09537,118.8565
2021-05-28,120.2826156616211,114.62418,117.10511
2021-06-01,121.19287109375,114.453804,116.77893
2021-06-02,120.76741790771484,114.87257,119.01033
2021-06-03,119.93595886230469,114.97781,117.7212
2021-06-04,122.28768157958986,114.633125,117.17029
2021-06-07,123.00242614746094,115.61064,118.9117
2021-06-08,123.83837890625,116.579506,120.3405
2021-06-09,124.26482391357422,117.41898,120.62127
2021-06-10,125.77113342285156,117.93868,121.4219
2021-06-11,125.38857269287111,118.81143,122.56163
2021-06-14,126.04246520996094,119.006516,123.285675
2021-06-15,125.7242431640625,119.30445,123.08274
2021-06-16,125.38857269287111,119.28148,122.882645
2021-06-17,126.06141662597655,119.0897,121.595314
2021-06-18,125.25988006591797,119.349014,123.34993
2021-06-21,126.14521026611328,119.17347,121.79402
2021-06-22,126.68836975097656,119.52257,123.51439
2021-06-23,126.15169525146486,120.031715,123.95383
2021-06-24,126.97018432617188,120.030785,122.818886
2021-06-25,126.68389129638673,120.36517,123.41811
2021-06-28,126.50881958007812,120.40131,123.1622
2021-06-29,125.70977783203125,120.29521,123.801414
2021-06-30,125.00900268554688,119.84328,122.99142
2021-07-01,126.05892181396484,119.28098,121.590355
2021-07-02,128.40365600585938,119.56702,122.7829
2021-07-06,129.4530792236328,120.97378,125.365944
2021-07-07,129.7588348388672,122.24024,126.709526
2021-07-08,128.86053466796875,122.87192,127.113304
2021-07-09,129.25706481933594,122.54059,126.00045
2021-07-12,130.244140625,122.40234,126.12381
2021-07-13,130.67359924316406,122.82446,126.88978
2021-07-14,131.75892639160156,123.306725,127.46486
2021-07-15,130.94491577148438,124.07476,128.60217
2021-07-16,131.52252197265625,124.04715,127.8431
2021-07-19,128.93736267089844,124.21674,128.30997
2021-07-20,130.78033447265625,123.05341,124.72434
2021-07-21,132.27565002441406,123.32052,127.40967
2021-07-22,133.0018768310547,124.37902,129.44595
2021-07-23,137.47837829589844,125.3341,129.69058
2021-07-26,139.30239868164062,127.89775,134.8037
2021-07-27,136.4613800048828,129.9935,136.03416
2021-07-28,136.04739379882812,129.33302,133.83543
2021-07-29,136.2060089111328,128.3928,131.79007
2021-07-30,134.8897247314453,127.98047,132.16553
2021-08-02,135.65635681152344,127.30087,131.41809
2021-08-03,135.94613647460938,127.47387,131.85474
2021-08-04,135.6952667236328,127.90089,132.1287
2021-08-05,136.60452270507812,128.07603,132.38445
2021-08-06,136.70028686523438,128.594,132.84785
2021-08-09,137.66392517089844,128.89708,133.13716
2021-08-10,137.75819396972656,129.4506,134.30678
2021-08-11,137.35218811035156,129.7277,134.48402
2021-08-12,138.0504608154297,129.5851,133.40988
2021-08-13,138.0669403076172,129.78935,134.1033
2021-08-16,138.57568359375,129.91927,134.01852
2021-08-17,136.96414184570312,130.22432,134.9314
2021-08-18,136.23544311523438,129.59894,133.86887
2021-08-19,136.5780792236328,128.88425,132.14676
2021-08-20,138.0978546142578,128.76303,132.29189
2021-08-23,140.7538299560547,129.57394,134.4562
2021-08-24,142.0496368408203,131.35878,137.34563
2021-08-25,142.59979248046875,132.84111,138.4751
2021-08-26,141.7748260498047,133.61424,139.81451
2021-08-27,144.19638061523438,133.33487,137.91016
2021-08-30,145.11312866210938,134.1777,140.18896
2021-08-31,145.10565185546875,135.0702,141.70683
2021-09-01,145.48471069335938,135.45316,141.02641
2021-09-02,143.86569213867188,135.73207,141.45445
2021-09-03,144.42031860351562,135.05307,139.82402
2021-09-07,145.16250610351562,134.95825,140.40404
2021-09-08,144.528564453125,135.40147,141.0236
2021-09-09,144.55848693847656,135.41763,140.7535
2021-09-10,141.57333374023438,135.43878,140.38152
2021-09-13,143.11354064941406,134.024,136.67555
2021-09-14,143.0546875,134.04486,138.58043
2021-09-15,144.8502655029297,134.23682,138.76244
2021-09-16,144.01980590820312,135.27188,140.71423
2021-09-17,141.116943359375,135.40385,140.63
2021-09-20,138.67642211914062,133.91454,136.42691
2021-09-21,139.30438232421875,131.8753,134.26053
2021-09-22,140.59323120117188,131.27759,134.48067
2021-09-23,141.47906494140625,131.91472,137.24185
2021-09-24,142.2835693359375,132.85333,137.91603
2021-09-27,141.15435791015625,133.68637,138.64441
2021-09-28,135.85037231445312,133.40733,137.50404
2021-09-29,134.19143676757812,130.49554,131.44687
2021-09-30,132.93902587890625,128.1049,128.88763
2021-10-01,136.12818908691406,126.60032,128.38164
2021-10-04,133.4373016357422,127.77746,132.04918
2021-10-05,135.84339904785156,127.419815,129.91583
2021-10-06,137.01751708984375,128.29514,131.70946
2021-10-07,138.8445281982422,129.30734,134.10913
2021-10-08,139.712890625,130.54675,135.12021
2021-10-11,138.50735473632812,131.38017,136.62149
2021-10-12,136.37808227539062,130.95473,134.40092
2021-10-13,137.5621795654297,129.47842,132.86649
2021-10-14,141.06556701660156,129.26286,133.54732
2021-10-15,141.3279266357422,131.06773,137.42926
2021-10-18,142.6102752685547,132.26688,137.54292
2021-10-19,143.46966552734375,133.3281,139.38693
2021-10-20,142.06610107421875,134.09883,139.88684
2021-10-21,142.43072509765625,133.63084,138.3813
2021-10-22,138.285400390625,133.41733,137.92076
2021-10-25,138.43301391601562,131.34697,133.65239
2021-10-26,139.329833984375,130.40363,134.08316
2021-10-27,146.06878662109375,130.68611,135.13266
2021-10-28,145.77101135253906,134.36942,142.67897
2021-10-29,147.90725708007812,136.21599,143.31158
2021-11-01,143.42178344726562,137.72763,144.3679
2021-11-02,145.5056610107422,135.93874,139.29745
2021-11-03,146.43038940429688,135.68002,140.37071
2021-11-04,148.31875610351562,136.15535,142.33463
2021-11-05,148.87539672851562,137.43858,144.41623
2021-11-08,148.98561096191406,138.39406,146.8985
2021-11-09,148.88287353515625,138.81659,144.56746
2021-11-10,146.26681518554688,138.8521,145.01326
2021-11-11,146.38848876953125,137.53664,140.80255
2021-11-12,149.27890014648438,136.9155,141.97923
2021-11-15,149.02203369140625,138.20552,145.38602
2021-11-16,148.71080017089844,138.93297,145.5697
2021-11-17,148.6968231201172,139.06277,143.81912
2021-11-18,150.33978271484375,139.00813,143.5678
2021-11-19,149.58514404296875,139.72844,146.70985
2021-11-22,146.71820068359375,139.73616,145.95226
2021-11-23,146.39747619628906,138.26405,141.60976
2021-11-24,146.3580780029297,137.32616,141.70839
2021-11-26,142.45614624023438,137.02606,141.67862
2021-11-29,145.7560577392578,135.18306,137.73688
2021-11-30,142.10301208496094,135.92543,141.02905
2021-12-01,141.2710723876953,134.82552,137.21202
2021-12-02,143.42428588867188,133.81157,137.6151
2021-12-03,142.1713409423828,134.43703,139.29599
2021-12-06,143.4442138671875,134.29735,137.83055
2021-12-07,147.673828125,134.75858,139.3082
2021-12-08,148.3561553955078,137.00864,143.181
2021-12-09,147.7431640625,138.40262,145.33244
2021-12-10,148.31077575683594,138.4609,143.96379
2021-12-13,146.34510803222656,138.44644,144.10654
2021-12-14,144.6153564453125,137.38054,142.75839
2021-12-15,147.00747680664062,135.97284,140.13522
2021-12-16,144.48367309570312,136.56743,142.06372
2021-12-17,142.45315551757812,135.93533,140.01465
2021-12-20,142.05264282226562,134.65347,138.37639
2021-12-21,143.86720275878906,133.90076,137.29225
2021-12-22,146.58900451660156,134.59808,139.23204
2021-12-23,146.7820281982422,136.44344,143.30986
2021-12-27,147.70126342773438,137.43747,142.00874
2021-12-28,146.0892333984375,138.10593,143.81119
2021-12-29,146.14559936523438,137.42433,142.62311
2021-12-30,145.6448211669922,136.91295,141.24579
2021-12-31,144.3250732421875,136.44005,141.84254
2022-01-03,144.71908569335938,135.64738,139.87076
2022-01-04,144.06271362304688,135.5362,140.67763
2022-01-05,137.3162841796875,135.32094,139.86708
2022-01-06,137.2140350341797,132.016,132.95851
2022-01-07,136.6688690185547,130.27632,131.2357
2022-01-10,138.23452758789062,129.55458,132.30234
2022-01-11,139.6744842529297,130.28955,135.01811
2022-01-12,141.3009796142578,131.55182,135.66348
2022-01-13,138.7901611328125,132.90932,137.00285
2022-01-14,139.4440460205078,132.14365,136.33835
2022-01-18,135.95660400390625,131.7298,134.38826
2022-01-19,135.31967163085938,129.78197,131.99068
2022-01-20,133.179443359375,128.45482,130.94261
2022-01-21,129.77330017089844,126.97289,129.68347
2022-01-24,130.05259704589844,124.783165,125.655136
2022-01-25,126.42501831054688,124.01458,126.53252
2022-01-26,128.92340087890625,122.20238,121.13169
2022-01-27,128.80467224121094,122.609314,125.14544
2022-01-28,132.9629669189453,123.02124,125.67691
2022-01-31,135.36607360839844,125.20686,130.05168
2022-02-01,137.54071044921875,127.39954,132.52109
2022-02-02,147.673828125,129.20364,134.62273
2022-02-03,142.30104064941406,134.60223,145.47517
2022-02-04,142.66563415527344,134.41533,139.23892
2022-02-07,138.59762573242188,133.62038,140.00276
2022-02-08,138.87196350097656,131.03821,134.38817
2022-02-09,141.10647583007812,129.92513,134.7585
2022-02-10,138.262939453125,130.90646,138.15121
2022-02-11,133.80140686035156,130.43982,133.11154
2022-02-14,134.96853637695312,128.0866,129.9676
2022-02-15,136.09127807617188,127.53088,129.65509
2022-02-16,137.1506805419922,128.1662,132.57762
2022-02-17,131.984375,129.20692,133.59976
2022-02-18,130.1478729248047,127.203674,127.329
2022-02-22,129.0854949951172,125.05358,125.770615
2022-02-23,127.27243804931639,123.57445,124.66085
2022-02-24,132.3484649658203,122.21662,122.38043
2022-02-25,134.18994140625,124.215294,130.03062
2022-02-28,134.56056213378906,126.41205,131.33879
2022-03-01,133.83932495117188,127.49793,133.96486
2022-03-02,134.42138671875,127.28767,129.64554
2022-03-03,133.97897338867188,127.12891,130.153
2022-03-04,131.79832458496094,126.731514,131.68361
2022-03-07,126.1546859741211,125.44585,127.785225
2022-03-08,126.96669006347656,122.08185,123.03152
2022-03-09,133.53805541992188,120.880486,121.52724
2022-03-10,132.35696411132812,123.984535,130.08574
2022-03-11,130.15585327148438,125.41183,130.41757
2022-03-14,126.43051147460938,124.75031,126.715675
2022-03-15,129.34286499023438,122.25798,121.858406
2022-03-16,133.3629913330078,122.29156,125.80587
2022-03-17,134.270751953125,124.58047,130.38301
2022-03-18,136.4663543701172,126.31879,131.78893
2022-03-21,136.14414978027344,128.00383,134.16803
2022-03-22,139.933837890625,128.4063,133.55627
2022-03-23,138.16419982910156,130.12329,135.64896
2022-03-24,140.96580505371094,130.03499,134.42918
2022-03-25,141.1748046875,131.09682,137.98947
2022-03-28,141.6022491455078,131.74905,138.82059
2022-03-29,142.89906311035156,132.20691,138.05914
2022-03-30,142.2950439453125,133.02309,138.63931
2022-03-31,139.30738830566406,133.14375,137.94702
2022-04-01,140.35531616210938,131.7012,137.1028
2022-04-04,143.2906036376953,131.46924,136.89929
2022-04-05,140.71742248535156,133.02744,138.93074
2022-04-06,136.83993530273438,132.75044,136.7063
2022-04-07,136.13067626953125,130.58589,132.69144
2022-04-08,133.68218994140625,129.11284,130.9612
2022-04-11,129.478515625,127.45731,129.8641
2022-04-12,128.05999755859375,124.83483,124.777306
2022-04-13,129.96682739257812,123.0524,123.99382
2022-04-14,126.94125366210938,123.454895,126.32102
2022-04-18,127.64752197265625,122.53273,124.5323
2022-04-19,130.2112274169922,122.35076,123.67209
2022-04-20,127.93132781982422,123.54365,125.92993
2022-04-21,124.6314239501953,123.02763,125.31776
2022-04-22,119.32096099853516,120.878876,121.8424
2022-04-25,122.94806671142578,117.06358,115.22965
2022-04-26,119.21322631835938,116.97091,119.19282
2022-04-27,114.73872375488281,115.666595,115.33106
2022-04-28,119.11896514892578,112.89643,111.0837
2022-04-29,114.68485260009766,113.674614,115.916
2022-05-02,116.86997985839844,112.3267,111.14373
2022-05-03,117.8401107788086,112.55155,114.87629
2022-05-04,122.27471160888673,113.2393,114.127014
2022-05-05,116.46049499511719,115.67984,120.186424
2022-05-06,115.37665557861328,113.98497,114.61084
2022-05-09,112.80696105957031,112.047966,110.62908
2022-05-10,114.30379486083984,109.80233,109.65672
2022-05-11,113.6818161010742,109.55251,110.960686
2022-05-12,112.88378143310545,109.49496,112.39478
2022-05-13,116.23006439208984,109.19581,108.902756
2022-05-16,114.51128387451173,110.67856,113.521324
2022-05-17,116.41560363769531,110.6775,111.79922
2022-05-18,112.12564086914062,111.34626,114.783806
2022-05-19,110.4741973876953,109.52627,109.13897
2022-05-20,109.04520416259766,107.55391,107.52938
2022-05-23,111.39292907714844,105.96919,106.08226
2022-05-24,105.66650390625,106.55904,109.10586
2022-05-25,105.58021545410156,104.41202,102.480934
2022-05-26,108.03069305419923,103.1368,101.68259
2022-05-27,112.52266693115236,103.89851,106.407166
2022-05-31,113.75962829589844,106.73025,110.476006
2022-06-01,113.85738372802736,108.80359,113.04473
2022-06-02,117.45755004882814,109.50278,111.322624
2022-06-03,114.28334808349608,111.16439,117.46634
2022-06-06,116.72384643554686,110.28305,111.99532
2022-06-07,116.94231414794922,110.666016,114.238365
2022-06-08,116.9507827758789,111.062935,113.955
2022-06-09,114.636474609375,111.29383,116.38251
2022-06-10,111.1545181274414,110.297165,112.738365
2022-06-13,106.61467742919922,108.07343,106.547455
2022-06-14,106.931396484375,104.82871,102.61672
2022-06-15,110.12007141113281,103.58107,103.48403
2022-06-16,106.37476348876953,105.04367,108.09413
2022-06-17,107.60125732421875,104.37574,104.326584
2022-06-21,111.74058532714844,104.43584,104.79783
2022-06-22,111.75953674316406,106.497925,109.109184
2022-06-23,112.408447265625,107.58491,110.16172
2022-06-24,118.24761199951172,108.11802,109.92722
2022-06-27,116.33679199218751,110.95595,116.19902
2022-06-28,112.29573059082031,111.412796,115.42401
2022-06-29,111.98149871826173,109.226776,111.03031
2022-06-30,109.10455322265625,107.693275,107.9704
2022-07-01,108.81377410888672,105.755844,106.65349
2022-07-05,113.60800170898438,104.88396,106.76661
2022-07-06,114.9312515258789,107.159,111.05371
2022-07-07,119.01371765136717,109.342186,114.09622
2022-07-08,119.87411499023438,112.281944,117.27131
2022-07-11,116.23704528808594,113.928215,118.22008
2022-07-12,114.56813812255861,112.5129,113.03086
2022-07-13,111.91216278076173,110.53139,111.13361
2022-07-14,111.1669921875,108.26721,108.41101
2022-07-15,112.49073791503906,107.00724,109.6521
2022-07-18,109.64074707031249,107.428055,109.54845
2022-07-19,114.33920288085939,106.62536,106.517105
2022-07-20,114.41899871826172,108.51065,112.4124
2022-07-21,114.7581787109375,109.72342,112.47438
2022-07-22,108.09453582763672,110.28227,112.22207
2022-07-25,107.9449005126953,107.06873,105.81363
2022-07-26,105.1816940307617,105.014824,104.983376
2022-07-27,113.32170104980469,102.92938,102.06843
2022-07-28,114.30927276611328,106.12021,109.93938
2022-07-29,116.35424804687501,108.79525,113.91362
2022-08-01,115.19709777832031,110.88721,114.28787
2022-08-02,115.61607360839842,110.9644,115.01717
2022-08-03,118.489013671875,110.736435,112.785255
2022-08-04,118.57878875732422,111.86006,115.87681
2022-08-05,117.93038177490233,112.53068,116.37439
2022-08-08,117.85057830810547,112.45768,117.44133
2022-08-09,117.21214294433594,112.29931,114.54631
2022-08-10,120.35443115234375,111.944695,115.33858
2022-08-11,119.52646636962892,113.36509,117.73569
2022-08-12,122.34953308105469,113.8682,117.22581
2022-08-15,122.57896423339844,115.384766,119.533226
2022-08-16,122.20987701416016,116.25599,120.28456
2022-08-17,120.02523803710938,116.340454,119.08275
2022-08-18,120.56391906738281,115.17084,117.41379
2022-08-19,117.83063507080078,114.7699,117.8245
2022-08-22,114.78810119628908,113.42114,116.35843
2022-08-23,114.48883056640625,111.34678,111.81594
2022-08-24,114.41899871826172,110.3224,110.91444
2022-08-25,117.41165924072267,110.1112,111.681786
2022-08-26,111.02733612060547,111.70139,114.95504
2022-08-29,110.06968688964845,109.549965,108.1753
2022-08-30,109.64074707031249,107.63629,106.24581
2022-08-31,108.88259887695311,106.565445,106.4804
2022-09-01,110.27918243408203,105.8762,106.71412
2022-09-02,108.4137496948242,106.349396,109.468735
2022-09-06,107.2166976928711,105.80174,105.29705
2022-09-07,110.2093505859375,104.807144,104.7587
2022-09-08,109.15193939208984,105.70224,107.645485
2022-09-09,111.50616455078125,105.77522,107.55749
2022-09-12,111.59593963623047,106.79661,109.47859
2022-09-13,105.052001953125,107.318405,110.63099
2022-09-14,105.61064147949219,104.21471,102.28342
2022-09-15,103.64546966552734,102.59028,101.95945
2022-09-16,103.37612915039062,101.13371,99.85953
2022-09-19,103.59558868408203,100.514854,101.692215
2022-09-20,101.58053588867188,100.56841,101.19784
2022-09-21,99.76499938964844,99.76216,99.16625
2022-09-22,100.32362365722656,98.40913,96.47077
2022-09-23,98.92704772949219,97.97902,96.62481
2022-09-26,98.56793212890624,97.21453,96.74104
2022-09-27,97.84969329833984,96.64479,96.369
2022-09-28,100.49320220947266,96.03773,96.15706
2022-09-29,97.84969329833984,97.02268,98.50671
2022-09-30,95.91445159912111,96.34346,95.6892
2022-10-03,99.0567398071289,94.817825,93.743416
2022-10-04,102.15912628173827,95.48783,96.383286
2022-10-05,101.9695816040039,97.57933,100.67556
2022-10-06,101.98953247070312,98.58675,101.436615
2022-10-07,99.3260726928711,98.80509,99.16001
2022-10-10,98.46817779541016,97.376045,98.88071
2022-10-11,97.80979919433595,96.03888,96.26058
2022-10-12,98.05918884277344,95.15354,94.66885
2022-10-13,99.46572875976562,95.03514,95.969246
2022-10-14,96.94193267822266,95.87081,97.89316
2022-10-17,100.53310394287108,95.19872,95.35889
2022-10-18,101.14160919189453,96.45068,98.20176
2022-10-19,100.04430389404295,97.52766,98.55603
2022-10-20,100.28372192382812,97.407005,98.1276
2022-10-21,101.23139953613281,97.22987,99.15647
2022-10-24,102.71774291992188,97.54755,99.485146
2022-10-25,104.67294311523438,98.46902,101.56365
2022-10-26,94.58770751953125,99.912895,102.794334
2022-10-27,92.3731460571289,95.69539,92.66573
2022-10-28,96.34339904785155,91.97528,88.061676
2022-10-31,94.4281005859375,92.38212,93.73006
2022-11-01,90.27828979492188,92.4083,93.169556
2022-11-02,86.85669708251953,90.50829,88.2223
2022-11-03,83.28546142578125,87.75124,83.0905
2022-11-04,86.48759460449219,84.6581,80.82679
2022-11-07,88.43283081054688,84.823074,82.98757
2022-11-08,88.69219207763672,86.36838,86.8007
2022-11-09,87.1858901977539,87.38747,87.65353
2022-11-10,93.93930053710938,86.90591,87.104805
2022-11-11,96.49303436279297,89.58171,92.52605
2022-11-14,95.79474639892578,92.291664,94.64588
2022-11-15,98.47815704345702,93.005196,94.71179
2022-11-16,98.74748992919922,94.16051,98.81044
2022-11-17,98.25869750976564,94.7184,98.55732
2022-11-18,97.56040954589842,94.59393,97.93746
2022-11-21,95.59523773193358,94.10906,93.30567
2022-11-22,97.09156036376952,92.95185,93.8332
2022-11-23,98.5779037475586,93.18792,96.65279
2022-11-25,97.36089324951172,94.34324,95.46295
2022-11-28,96.01420593261719,94.5044,95.36592
2022-11-29,95.20619201660158,93.828354,94.14464
2022-11-30,101.20146942138672,93.0228,92.81665
2022-12-01,101.0318832397461,95.59477,100.495
2022-12-02,100.5829849243164,97.144615,99.13485
2022-12-05,99.62534332275389,97.45669,98.15991
2022-12-06,97.07160186767578,96.860725,98.69362
2022-12-07,94.91690063476562,95.16469,96.0452
2022-12-08,93.71984100341797,93.2251,92.55914
2022-12-09,92.84199523925781,91.83326,89.35559
2022-12-12,93.33079528808594,91.00003,91.74373
2022-12-13,95.6151885986328,91.07991,91.498184
2022-12-14,95.07650756835938,92.44059,94.56915
2022-12-15,90.97657775878906,92.97021,93.8357
2022-12-16,90.63740539550781,91.02645,87.94304
2022-12-19,88.93160247802734,89.549965,88.43546
2022-12-20,89.4104232788086,88.07635,87.51083
2022-12-21,90.02890014648438,87.68873,86.869026
2022-12-22,88.04378509521484,88.0185,88.65613
2022-12-23,89.58998107910156,87.32656,86.41186
2022-12-27,87.71459197998047,87.60339,88.91151
2022-12-28,86.2481918334961,86.897385,85.40972
2022-12-29,88.73208618164062,85.68512,84.20232
2022-12-30,88.51263427734375,86.23546,87.35304
2023-01-03,89.4802474975586,86.61072,87.37715
2023-01-04,88.49268341064453,87.211975,88.979
2023-01-05,86.55742645263672,86.97541,85.8796
2023-01-06,87.94403076171875,85.74871,83.854935
2023-01-09,88.58245849609375,85.69148,86.84914
2023-01-10,89.02137756347656,86.1457,88.24339
2023-01-11,92.03398895263672,86.66289,87.965515
2023-01-12,91.68484497070312,88.368256,89.82737
2023-01-13,92.57266235351562,89.09103,91.270134
2023-01-17,91.93423461914062,89.648636,91.41347
2023-01-18,91.5551528930664,89.487495,90.20676
2023-01-19,93.67994689941406,89.09343,90.76655
2023-01-20,99.03678131103514,89.92375,92.03369
2023-01-23,100.96205139160156,93.118904,98.529335
2023-01-24,98.96694946289062,95.83,100.98243
2023-01-25,96.49303436279297,95.939606,96.48816
2023-01-26,98.91708374023439,94.31637,94.616425
2023-01-27,100.46327972412111,94.48476,97.28846
2023-01-30,97.71003723144531,95.62481,99.86357
2023-01-31,99.62534332275389,95.04488,96.34006
2023-02-01,101.1815185546875,95.56896,97.961914
2023-02-02,108.53346252441405,96.761345,99.999825
2023-02-03,104.96223449707033,101.02355,107.7072
2023-02-06,103.21652221679686,101.55333,103.71207
2023-02-07,107.77532958984375,100.35279,101.287636
2023-02-08,99.75502014160158,101.69912,106.76117
2023-02-09,95.22614288330078,98.732475,97.49936
2023-02-10,94.62760925292969,94.73618,92.046165
2023-02-13,94.7672653198242,92.65112,89.381065
2023-02-14,94.71739196777345,92.29658,93.24887
2023-02-15,96.86212158203125,92.59749,94.34114
2023-02-16,95.54535675048828,93.99196,93.977066
2023-02-17,94.35826873779297,94.105194,93.613495
2023-02-21,91.82450103759766,93.295135,92.62582
2023-02-22,91.57511138916016,91.43216,89.43007
2023-02-23,90.84689331054688,90.24905,88.07978
2023-02-24,89.131103515625,89.445206,88.441605
2023-02-27,89.8792724609375,88.33595,88.09167
2023-02-28,90.07878875732422,88.18712,88.34822
2023-03-01,90.28826904296875,88.35983,88.339516
2023-03-02,92.08385467529297,88.57155,88.24724
2023-03-03,93.78966522216797,89.49349,89.52702
2023-03-06,95.3458480834961,90.75809,93.873665
2023-03-07,93.93930053710938,92.03492,93.48873
2023-03-08,94.41812896728514,91.80813,92.926704
2023-03-09,92.4330062866211,91.63093,93.12358
2023-03-10,90.78704833984375,90.53475,89.18741
2023-03-13,91.43545532226562,89.13414,88.76357
2023-03-14,94.01910400390625,88.84488,89.71931
2023-03-15,96.31347656250001,90.23078,91.638824
2023-03-16,100.82239532470703,92.28517,95.34195
2023-03-17,102.20899200439453,95.49592,99.658165
2023-03-20,101.68029022216798,97.65809,101.744
2023-03-21,105.58070373535156,98.05741,100.74186
2023-03-22,103.96468353271483,99.73498,104.12206
2023-03-23,105.99968719482422,99.76916,103.03735
2023-03-24,105.8001708984375,100.551796,105.09528
2023-03-27,102.80752563476564,100.92585,103.81199
2023-03-28,101.11168670654297,99.65834,99.43485
2023-03-29,101.65036010742188,98.14546,98.48974
2023-03-30,101.07178497314453,97.83193,98.77086
2023-03-31,103.74522399902345,97.738014,99.53132
2023-04-03,104.65299224853516,99.17334,101.661156
2023-04-04,104.86248016357422,100.52096,103.221
2023-04-05,104.69288635253906,101.196045,103.06263
2023-04-06,108.63321685791016,101.24067,102.68358
2023-04-10,106.68798828125,103.01408,106.45845
2023-04-11,105.86003112792967,103.01646,105.48035
2023-04-12,104.96223449707033,102.34485,103.96257
2023-04-13,107.92495727539062,101.48978,102.56903
2023-04-14,109.19184112548828,102.571396,105.20918
2023-04-17,106.15928649902344,103.99325,108.38097
2023-04-18,104.86248016357422,103.23429,103.19005
2023-04-19,104.7627182006836,101.97252,103.72464
2023-04-20,105.64057159423828,101.29809,102.169106
2023-04-21,105.65054321289061,101.56989,102.915855
2023-04-24,106.51840209960938,101.899315,103.61734
2023-04-25,104.35372924804688,102.51867,103.82128
2023-04-26,104.1941146850586,101.76745,101.51202
2023-04-27,108.10452270507812,101.15153,101.76484
2023-04-28,107.95488739013672,102.78465,105.76427
2023-05-01,107.44612884521486,103.73292,106.23038
2023-05-02,105.72037506103516,103.78979,106.409706
2023-05-03,105.86003112792967,102.78285,103.200066
2023-05-04,104.95225524902344,102.22483,102.59771
2023-05-05,105.95479583740234,101.61065,102.28197
2023-05-08,107.9748306274414,101.88224,103.903725
2023-05-09,107.67557525634766,103.15951,106.45043
2023-05-10,112.00493621826172,103.73439,106.009026
2023-05-11,116.6136245727539,105.97851,109.68391
2023-05-12,117.63111877441405,109.35076,114.423004
2023-05-15,116.67346954345703,111.355385,116.41913
2023-05-16,119.7957992553711,111.42269,115.26825
2023-05-17,121.1823959350586,112.571014,117.4414
2023-05-18,123.21739196777344,113.81916,119.25827
2023-05-19,122.94806671142578,115.38779,121.233955
2023-05-22,125.5616455078125,116.00201,121.03723
2023-05-23,122.98796844482422,117.45043,123.47944
2023-05-24,121.34201049804688,116.95639,120.11947
2023-05-25,124.04536437988281,115.759476,117.3022
2023-05-26,125.12271881103517,116.5467,121.24509
2023-05-30,124.33465576171874,117.78883,122.24308
2023-05-31,123.06777191162111,118.11481,122.42448
2023-06-01,124.06532287597656,117.56282,118.56221
2023-06-02,124.92321777343749,117.70903,120.41015
2023-06-05,126.31977844238283,118.303925,122.42377
2023-06-06,127.59664916992186,119.33628,124.0591
2023-06-07,122.63882446289064,120.46304,125.0085
2023-06-08,122.36947631835938,118.51994,119.57281
2023-06-09,122.5689926147461,117.14578,118.744125
2023-06-12,124.04536437988281,116.73937,119.02476
2023-06-13,124.12517547607422,117.51601,120.96942
2023-06-14,124.07528686523438,118.12935,122.01472
2023-06-15,125.4818344116211,118.37494,120.976326
2023-06-16,123.75607299804688,119.08215,123.078255
2023-06-20,123.54658508300781,118.54958,119.76572
2023-06-21,120.96293640136717,118.022446,120.00284
2023-06-22,123.56654357910156,116.514275,117.91238
2023-06-23,122.71862030029295,117.04079,120.31271
2023-06-26,118.79824829101562,117.16077,120.30616
2023-06-27,118.71844482421875,115.31041,115.02044
2023-06-28,120.78337860107422,114.234695,115.605804
2023-06-29,119.71599578857422,114.89901,117.50255
2023-06-30,120.67364501953125,114.947136,117.03524
2023-07-03,120.2646484375,115.3745,117.28726
2023-07-05,122.32957458496095,115.35926,117.06904
2023-07-06,120.63374328613281,116.24729,120.02489
2023-07-07,119.8456802368164,115.85316,117.80206
2023-07-10,116.58369445800781,115.08774,115.74797
2023-07-11,117.421630859375,113.082924,113.376945
2023-07-12,119.32695007324219,112.49111,113.71167
2023-07-13,124.52419281005858,113.41183,117.61564
2023-07-14,125.39205932617188,116.61817,121.77611
2023-07-17,124.75362396240234,118.69883,123.49104
2023-07-18,123.77603149414061,119.01681,121.64067
2023-07-19,122.47921752929688,118.26552,121.10177
2023-07-20,119.23717498779297,117.05448,118.756744
2023-07-21,120.01526641845705,114.89601,115.71686
2023-07-24,121.58141326904298,114.32278,116.75949
2023-07-25,122.48918914794922,115.188484,118.69849
2023-07-26,129.3423614501953,116.332565,118.86604
2023-07-27,129.55184936523438,120.24923,127.3277
2023-07-28,132.68414306640625,122.30061,127.1965
2023-07-31,132.78390502929688,124.31065,130.92346
2023-08-01,131.56689453125,124.97624,130.46303
2023-08-02,128.32484436035156,124.34162,128.09853
2023-08-03,128.4545440673828,122.26347,124.71326
2023-08-04,128.22509765625,121.317,123.5505
2023-08-07,131.6167755126953,121.10211,126.08605
2023-08-08,131.5170135498047,122.96191,128.14542
2023-08-09,129.83116149902344,124.10115,128.63658
2023-08-10,129.89100646972656,123.71977,125.88084
2023-08-11,129.85110473632812,123.350266,126.561806
2023-08-14,131.50704956054688,123.136284,126.01804
2023-08-15,129.95086669921875,123.883095,128.33414
2023-08-16,128.793701171875,123.58447,126.29487
2023-08-17,130.14041137695312,122.78132,126.00586
2023-08-18,127.79615783691406,123.03166,127.00181
2023-08-21,128.61415100097656,122.15512,124.57766
2023-08-22,129.37228393554688,122.082344,123.97522
2023-08-23,132.8836669921875,122.53907,125.76355
2023-08-24,130.10049438476562,124.53404,130.57968
2023-08-25,130.36984252929688,124.193726,127.19739
2023-08-28,131.46713256835938,123.83187,126.46358
2023-08-29,135.1580810546875,124.12516,128.57565
2023-08-30,136.59454345703125,126.112656,132.31673
2023-08-31,137.01351928710938,127.851944,134.44617
2023-09-01,136.46485900878906,128.71185,133.30025
2023-09-05,136.37509155273438,128.60208,132.85309
2023-09-06,135.03836059570312,128.31854,132.78679
2023-09-07,135.8663330078125,127.517494,131.44531
2023-09-08,136.8638916015625,127.57688,131.255
2023-09-11,137.40255737304688,128.27962,133.5806
2023-09-12,135.73666381835938,129.00578,134.61893
2023-09-13,137.16314697265625,128.54668,132.47115
2023-09-14,138.64950561523438,128.90642,132.398
2023-09-15,137.96119689941406,129.87407,135.21216
2023-09-18,138.6195831298828,130.03133,134.06667
2023-09-19,138.48989868164062,130.3054,134.84395
2023-09-20,134.26026916503906,130.34146,134.44489
2023-09-21,131.03819274902344,128.27094,130.58098
2023-09-22,130.928466796875,125.60575,126.56762
2023-09-25,131.84620666503906,124.43205,125.95279
2023-09-26,129.13287353515625,124.72208,128.41489
2023-09-27,131.13795471191406,123.86111,125.78128
2023-09-28,132.80386352539062,124.39991,127.3249
2023-09-29,131.52699279785156,125.59189,129.5896
2023-10-02,134.83885192871094,125.50807,128.08112
2023-10-03,132.9734344482422,126.8215,131.01248
2023-10-04,135.93617248535156,126.51184,129.5991
2023-10-05,135.6568603515625,127.53334,133.0797
2023-10-06,138.39013671875,127.89767,132.88284
2023-10-09,139.1582489013672,129.2585,135.36534
2023-10-10,138.85899353027344,130.26933,136.27611
2023-10-11,141.3528594970703,130.46527,134.29039
2023-10-12,139.94630432128906,131.61069,139.24805
2023-10-13,138.24050903320312,131.49356,136.1026
2023-10-16,140.14584350585938,130.47456,134.62987
2023-10-17,140.6446075439453,130.88402,136.10713
2023-10-18,138.9387969970703,131.53836,136.8867
2023-10-19,138.6395263671875,131.1001,135.16895
2023-10-20,136.40501403808594,130.6814,133.87039
2023-10-23,137.5621795654297,129.45087,132.1732
2023-10-24,139.7767333984375,129.45609,134.00041
2023-10-25,126.35968017578125,130.74527,135.41115
2023-10-26,123.13759613037108,124.992714,122.18341
2023-10-27,123.09769439697266,120.184204,116.95069
2023-10-30,125.44193267822266,118.31214,118.22797
2023-10-31,124.99304199218749,119.30102,122.77455
2023-11-01,127.25747680664064,120.08496,122.14949
2023-11-02,128.2650146484375,121.527275,123.38366
2023-11-03,130.0506134033203,122.56098,126.477325
2023-11-06,131.1279754638672,123.59917,126.68653
2023-11-07,132.0756378173828,124.323204,127.70143
2023-11-08,132.93353271484375,124.84855,128.94551
2023-11-09,131.3673858642578,125.31127,131.70772
2023-11-10,133.73158264160156,124.64703,128.20462
2023-11-13,133.31260681152344,125.34438,130.46642
2023-11-14,135.0982208251953,125.61336,129.73431
2023-11-15,136.0458984375,126.591866,132.3392
2023-11-16,138.36021423339844,127.569496,133.73488
2023-11-17,136.60452270507812,129.11241,134.88553
2023-11-20,137.58212280273438,128.94891,132.01599
2023-11-21,138.28041076660156,129.11542,133.80832
2023-11-22,139.67698669433594,129.53844,135.33478
2023-11-24,137.8813934326172,130.45523,134.99065
2023-11-27,137.71180725097656,130.05826,134.47717
2023-11-28,138.28041076660156,129.67603,133.39699
2023-11-29,136.0658416748047,129.817,134.74416
2023-11-30,133.5919189453125,128.92392,132.07814
2023-12-01,132.993408203125,127.28944,129.76996
2023-12-04,130.3099822998047,126.28597,127.63639
2023-12-05,132.065673828125,124.733986,126.6918
2023-12-06,131.10800170898438,124.97803,128.81831
2023-12-07,138.11082458496094,124.914505,128.09088
2023-12-08,136.3052520751953,128.29929,134.56375
2023-12-11,134.37001037597656,129.2021,133.71437
2023-12-12,133.31260681152344,128.2152,129.8724
2023-12-13,133.6417999267578,126.86011,129.83351
2023-12-14,132.87368774414062,126.31738,129.59077
2023-12-15,133.51211547851562,125.84548,130.39354
2023-12-18,136.85391235351562,126.04438,129.6495
2023-12-19,137.76168823242188,127.89501,134.46848
2023-12-20,139.31785583496094,129.33575,135.07227
2023-12-21,141.45262145996094,130.60011,136.14825
2023-12-22,142.370361328125,132.02802,138.03645
2023-12-26,142.47012329101562,132.97176,139.38214
2023-12-27,141.093505859375,133.25844,139.12827
2023-12-28,140.93389892578125,132.56555,136.38104
2023-12-29,140.58474731445312,132.07555,136.37929
2024-01-02,139.21810913085938,131.78409,136.99136
2024-01-03,140.01614379882812,131.13239,135.18015
2024-01-04,137.7018280029297,131.31525,136.54178
2024-01-05,137.0534210205078,130.46036,133.066
2024-01-08,140.18572998046875,129.74092,132.65147
2024-01-09,142.21075439453125,131.02216,137.17276
2024-01-10,143.44772338867188,132.8227,137.88503
2024-01-11,143.3180389404297,134.22498,140.20511
2024-01-12,143.8866424560547,134.59323,139.68797
2024-01-16,143.72703552246094,134.76526,140.5208
2024-01-17,142.53994750976562,134.63644,139.84254
2024-01-18,144.63479614257812,133.94046,138.32645
2024-01-19,147.6074981689453,134.6192,140.78244
2024-01-22,147.34814453125,136.55638,144.07391
2024-01-23,148.31576538085938,137.42653,144.12567
2024-01-24,149.98167419433594,138.10931,144.80185
2024-01-25,153.26361083984375,139.10684,146.31184
2024-01-26,153.41323852539062,141.09808,150.44629
2024-01-29,154.46067810058594,142.0629,149.514
2024-01-30,152.67506408691406,142.79576,149.97523
2024-01-31,141.45262145996094,142.1426,148.2216
2024-02-01,142.3603973388672,136.28763,135.99174
2024-02-02,143.18833923339844,133.78807,136.40536
2024-02-05,144.574951171875,133.7718,137.41032
2024-02-06,145.05377197265625,135.09589,141.25717
2024-02-07,146.32064819335938,136.24258,141.47946
2024-02-08,146.8593292236328,137.32176,141.62637
2024-02-09,149.85198974609375,137.89735,144.13576
2024-02-12,148.3656463623047,139.36327,145.04222
2024-02-13,146.0114288330078,139.18985,144.8412
2024-02-14,146.77952575683594,137.6638,141.4883
2024-02-15,143.58738708496094,137.1642,142.7155
2024-02-16,141.41270446777344,135.552,138.91833
2024-02-20,141.8516387939453,133.80186,136.47572
2024-02-21,143.48760986328125,133.38113,136.60611
2024-02-22,144.96400451660156,134.29019,139.86565
2024-02-23,144.93406677246094,135.63742,142.08871
2024-02-26,138.4100799560547,136.2287,140.95
2024-02-27,139.7567901611328,133.13068,133.15761
2024-02-28,137.09332275390625,131.95941,135.61812
2024-02-29,139.43756103515625,130.39001,132.49098
2024-03-01,137.74172973632812,130.93748,134.3403
2024-03-04,133.87123107910156,130.67719,134.27612
2024-03-05,133.45225524902344,128.64113,129.32066
2024-03-06,132.23524475097656,127.34896,130.15845
2024-03-07,134.90869140625,126.30652,126.68337
2024-03-08,135.9561004638672,127.24843,130.94244
2024-03-11,138.59962463378906,128.41525,132.39757
2024-03-12,139.2779541015625,130.17989,137.18129
2024-03-13,140.42515563964844,131.18806,136.61488
2024-03-14,143.98638916015625,131.90791,136.5788
2024-03-15,141.8217010498047,133.7339,140.81192
2024-03-18,148.11624145507812,133.45067,137.89348
2024-03-19,147.5576171875,136.05528,144.92589
2024-03-20,149.3133087158203,137.13223,144.5763
2024-03-21,148.37562561035156,138.22752,145.1881
2024-03-22,151.398193359375,138.15942,144.83804
2024-03-25,150.7797088623047,139.44614,146.8034
2024-03-26,151.328369140625,139.85179,147.62326
2024-03-27,151.56777954101562,140.23721,146.57794
2024-03-28,151.88699340820312,140.54231,147.49777
2024-04-01,156.11660766601562,140.86603,147.78471
2024-04-02,155.48814392089844,143.1035,151.80302
2024-04-03,155.98692321777344,143.96938,150.46965
2024-04-04,151.56777954101562,144.40628,151.22285
2024-04-05,153.56288146972656,142.34277,146.57484
2024-04-08,155.7574920654297,142.17775,149.36441
2024-04-09,157.75259399414062,143.4547,151.4664
2024-04-10,157.27377319335938,145.23622,153.40677
2024-04-11,160.39608764648438,145.83286,152.75218
2024-04-12,158.80001831054688,147.40648,156.12094
2024-04-15,155.94703674316406,147.29938,155.41325
2024-04-16,155.61782836914062,145.63235,150.01207
2024-04-17,156.4956817626953,144.58553,150.93391
2024-04-18,157.07424926757812,144.71863,151.20728
2024-04-19,155.33851623535156,145.32138,152.76974
2024-04-22,157.56304931640625,144.88493,149.69403
2024-04-23,159.52822875976562,145.70244,152.70941
2024-04-24,160.70533752441406,147.12172,155.07863
2024-04-25,157.56304931640625,148.31813,157.21814
2024-04-26,173.26449584960938,147.18503,152.19977
2024-04-29,167.48867797851562,153.9635,167.98595
2024-04-30,164.23666381835938,154.6717,164.4658
2024-05-01,165.1643829345703,152.61581,159.30687
2024-05-02,168.0473175048828,151.68263,158.79921
2024-05-03,168.57601928710938,152.80797,161.8064
2024-05-06,169.41395568847656,153.88646,165.4601
2024-05-07,172.5562286376953,154.84096,162.04091
2024-05-08,170.74069213867188,156.756,168.08286
2024-05-09,171.15966796875,156.73497,164.82782
2024-05-10,169.87281799316406,156.68205,165.52707
2024-05-13,170.4813232421875,155.99368,162.55907
2024-05-14,171.50880432128906,155.97682,165.1394
2024-05-15,173.4540252685547,156.60637,166.7101
2024-05-16,175.00022888183594,157.94772,167.8202
2024-05-17,176.8556671142578,159.33968,168.77333
2024-05-20,178.02281188964844,160.76497,170.50302
2024-05-21,179.10015869140625,161.81413,172.65004
2024-05-22,177.56393432617188,162.60973,173.97736
2024-05-23,174.63113403320312,162.07144,170.94994
2024-05-24,175.8980255126953,160.26517,167.61386
2024-05-28,177.58389282226562,160.04863,170.92758
2024-05-29,176.96539306640625,161.05693,170.39104
2024-05-30,173.1348114013672,161.43733,170.954
2024-05-31,173.53382873535156,159.75069,166.43121
2024-06-03,173.99270629882812,159.06487,167.33545
2024-06-04,174.7009735107422,159.15546,167.77872
2024-06-05,176.63623046875,159.70598,168.2959
2024-06-06,177.91307067871094,160.9505,170.03262
2024-06-07,175.51895141601562,162.11115,171.52907
2024-06-10,176.39779663085938,161.33383,170.32849
2024-06-11,177.95574951171875,161.13965,169.59761
2024-06-12,179.32394409179688,161.8037,171.71236
2024-06-13,176.50765991210938,162.82205,174.17413
2024-06-14,178.135498046875,161.9079,169.81476
2024-06-17,178.5449676513672,162.10062,170.88574
2024-06-18,176.21803283691406,162.47408,172.58708
2024-06-20,177.47637939453125,161.5619,169.35844
2024-06-21,180.02301025390625,161.69164,171.39816
2024-06-24,180.5523223876953,163.09998,173.56017
2024-06-25,185.33602905273438,164.08293,174.83904
2024-06-26,185.1262969970703,166.70023,178.41422
2024-06-27,186.61434936523438,167.6963,178.65964
2024-06-28,183.17886352539062,168.50522,180.38101
2024-07-01,184.24746704101562,167.00021,176.28944
2024-07-02,186.3646697998047,166.61786,176.84303
2024-07-03,187.14364624023438,167.62053,179.45924
2024-07-05,191.7076416015625,168.64398,180.18916
2024-07-08,190.22958374023438,171.30489,185.66724
2024-07-09,190.18963623046872,171.77936,183.17476
2024-07-10,192.40672302246094,171.64787,182.70053
2024-07-11,187.05377197265625,172.4858,184.24437
2024-07-12,186.53445434570312,170.32271,180.08298
2024-07-15,187.94259643554688,168.96608,179.22142
2024-07-16,185.25613403320312,169.27277,179.15793
2024-07-17,182.37991333007812,168.45459,178.27011
2024-07-18,178.98439025878906,166.78758,174.72215
2024-07-19,179.15415954589844,164.50194,170.41618
2024-07-22,183.1089630126953,163.72948,172.5283
2024-07-23,183.358642578125,165.61786,176.04
2024-07-24,174.14076232910156,166.86032,176.5246
2024-07-25,168.9376220703125,162.8373,167.27052
2024-07-26,168.45823669433594,158.07997,160.2158
2024-07-29,170.905029296875,155.85225,160.87927
2024-07-30,171.63406372070312,156.62251,164.10913
2024-07-31,172.92236328125,157.84787,166.01949
2024-08-01,172.22328186035156,159.0881,166.58354
2024-08-02,168.17860412597656,159.13278,166.98291
2024-08-05,160.42881774902344,156.88174,161.44867
2024-08-06,160.3289337158203,151.83578,151.90771
2024-08-07,160.53866577148438,149.41376,153.33133
2024-08-08,163.62460327148438,148.96681,155.629
2024-08-09,165.17257690429688,150.74217,157.97
2024-08-12,163.73446655273438,152.56862,159.98804
2024-08-13,165.71185302734375,152.55516,157.21776
2024-08-14,161.81698608398438,153.10086,160.63054
2024-08-15,162.9554901123047,151.2901,155.811
2024-08-16,164.5234375,150.72714,156.86899
2024-08-19,168.17860412597656,151.33789,158.2518
2024-08-20,168.73788452148438,153.51619,163.53265
2024-08-21,167.40963745117188,154.83025,164.58656
2024-08-22,165.27244567871094,154.54332,160.34264
2024-08-23,167.2098846435547,153.09373,159.31859
2024-08-26,167.709228515625,153.2496,161.53554
2024-08-27,166.16127014160156,153.76006,162.67392
2024-08-28,164.2837371826172,153.34021,160.22665
2024-08-29,163.1851806640625,152.20529,157.87936
2024-08-30,164.8929443359375,151.17065,156.27739
2024-09-03,158.4014892578125,151.65457,158.80646
2024-09-04,157.6025390625,148.97198,152.74884
2024-09-05,158.39151000976562,147.22693,152.29173
2024-09-06,151.9300079345703,147.06044,152.58818
2024-09-09,149.5399932861328,144.1785,146.28282
2024-09-10,150.00999450683594,141.63959,142.19856
2024-09-11,152.14999389648438,140.92595,143.11827
2024-09-12,155.5399932861328,141.99216,148.55775
2024-09-13,158.3699951171875,144.33382,151.83177
2024-09-16,158.99000549316406,146.72772,154.39432
2024-09-17,160.27999877929688,147.79398,155.01631
2024-09-18,160.80999755859375,148.41696,155.66565
2024-09-19,163.24000549316406,148.61926,155.37337
2024-09-20,164.63999938964844,149.67241,158.09343
2024-09-23,163.07000732421875,150.7955,160.68892
2024-09-24,163.63999938964844,150.47467,158.81197
2024-09-25,162.99000549316406,150.44443,158.4408
2024-09-26,163.8300018310547,150.16525,157.21507
2024-09-27,165.2899932861328,150.50508,157.72234
2024-09-30,167.19000244140625,151.49524,160.10802
2024-10-01,168.4199981689453,152.94896,162.06421
2024-10-02,167.30999755859375,154.1903,162.85426
2024-10-03,167.2100067138672,154.08678,162.10895
2024-10-04,168.55999755859375,153.78345,161.1479
2024-10-07,164.38999938964844,154.25316,161.81009
2024-10-08,165.6999969482422,152.54268,158.80705
2024-10-09,163.05999755859375,152.30797,159.94388
2024-10-10,163.17999267578125,151.17241,157.2422
2024-10-11,164.52000427246094,150.80054,157.6315
2024-10-14,166.35000610351562,151.47124,159.0541
2024-10-15,166.89999389648438,152.81519,160.71822
2024-10-16,166.74000549316406,153.69974,162.53041
2024-10-17,164.50999450683594,153.85362,160.67885
2024-10-18,165.0500030517578,152.6499,159.66225
2024-10-21,165.8000030517578,152.20238,159.33488
2024-10-22,166.82000732421875,152.46065,160.3412
2024-10-23,164.47999572753906,153.18959,160.87085
2024-10-24,164.52999877929688,152.43968,159.2515
2024-10-25,166.99000549316406,152.0007,159.16293
2024-10-28,168.39999389648438,153.0376,161.83914
